,comment_sentence,label
123,脳味噌スッカラカンすぎて蝶々もトンボも寄って来んだろうな。,0.0
124,またネトウヨが騒いでる笑笑,0.0
697,キミが更迭だな。,0.0
698,その固い頭を柔らかくした方が生産的,0.0
736,それも言い過ぎだろう。,0.0
764,えー無知は、どちら？,0.0
834,あたま大丈夫なのかしら、と。,0.0
908,ソースは？,0.0
934,バカなのか？,0.0
1010,ネトウヨ究めてんなー,0.0
1013,本当生産性のない奴らw,0.0
1031,見ている範囲が狭すぎるんじゃないですか？,0.0
1049,たったの一行で全部間違ってて草,0.0
1051,中身ー無しさん,0.0
1262,哀れだな。,0.0
1263,あんたが「存在するだけで嫌われ警戒される」,0.0
1264,未婚男性なのは、99.9%あんたに原因があると思うよ,0.0
1277,まぁ女叩きしてる時点でもてねえわな,0.0
1283,なんか、哀れだな。,0.0
1284,脳みそがゲシュタルト崩壊！,0.0
1289,嫌われてるのはあんたらインセルやキモモタだけ。,0.0
1732,ただネタとして見る分には面白いです,0.0
1747,ウクライナみたいに回避できない状況もあるのを想定してない時点でクソ,0.0
1895,もう少し頭を使って生きたらどう？,0.0
2017,渡辺弁護士の鼻がスケベっぽくてエロいから隠しとけとか言われたら反発するだろ？,0.0
2280,病気じゃない？,0.0
2281,イヤなら自分の国に帰ればいいのに。,0.0
2282,大丈夫？,0.0
2283,フェミニズムをおかしな宗教みたいにした連中のうちの一人が何言ってんだろう？,0.0
2285,君みたいなのしか居ないからだよ,0.0
2287,日本から出ていって下さい。,0.0
2289,モラルがねぇからたたかれてんだろ？,0.0
2290,フェミニストと大きく言うなら常識ない人=フェミニストってイメージがどんどん浸透するよ？,0.0
2292,こういうコントは面白いんだけどな時々ライン越えの発言するからな,0.0
2293,じゃあ日本からでてけば？,0.0
2294,このクズ,0.0
2295,そのまま体ごと張り裂けてしまえ,0.0
2297,そりゃ奇声上げながら斧振り回してるのが見えてたら通報されるわ常識考えろ常識を,0.0
2300,口論してたら突然吐く人も怖い。,0.0
2308,張り裂けとけよ。,0.0
2309,長えんだよ妄想が。,0.0
2338,『戦いになると抵抗出来ず『差別主義者！』と叫んで逃げるしか脳のない女性』を体現してるだけやないの。,0.0
2363,そういう場で自分の主張を押し通すことこそがあなたの最大の存在意義じゃないの？,0.0
2380,人として筋を通すことから始めた方がいいと思う。,0.0
2412,馬鹿ばっかです。,0.0
2615,だから説得力も皆無。,0.0
2618,具体的にどういった問題が起こるのか提示も出来ないなら、お前も幼稚であることに変わりがないのだから、自分で言っていることを体現しているとしか言えないと思うんだが…。,0.0
2629,このプロフィールから滲み出る頭の悪さよ,0.0
2638,ちょっと意味不明すぎて話が見えませんね。,0.0
2640,君はそろそろおたくから卒業したほうがいいんじゃないか？,0.0
2643,被害者面すんなよ,0.0
3455,ちょっと何言ってんのかわかんない。,0.0
4438,いちいちさんまのテレビ見るのに洗脳ガーとか言ってるやつ#マイキー大喜利,0.0
4440,　何を今更?,0.0
4714,本気で言ってるのでしょうか。,0.0
4722,あなたは犯罪者です！,0.0
4738,アホくさ,0.0
4740,何言っちゃってるんすか？,0.0
5170,ただの学歴コンプレックスっぽいw,0.0
5547,言ってることが尽く論点ズレてますよ。,0.0
5548,叩かれれば叩かれるほどに自分は正しいと思い込む人がかなり多いと聞くのですが、あなたもその一人ですか？,0.0
5549,誤魔化さないよう。,0.0
5774,そんなこともわからんのか。,0.0
6746,それをただ単に右左で語ってしまう議論が稚拙だなと思います。,0.0
7442,この人、綺麗事だけで生きているゾンビだ。,0.0
7453,その実例を挙げて説明されたい。,0.0
7454,意味不明、、、草,0.0
7581,こんなところでも歴史改竄運動…,0.0
7856,公文書改竄を推奨しろって事脳ミソ沸騰しとる,0.0
9821,本を読んだから賢い！なんて考え方が子供過ぎる（笑）,0.0
9910,つーかお前の方が遥かに胡散臭いわ(嘲),0.0
9924,ピンボケな見解だな。,0.0
10405,0点,0.0
11323,あんたらがやってることは営業妨害、経済活動の邪魔。,0.0
11334,お前らヒステリック・フェミによる極めて醜悪かつ傲慢な差別行為を止めさせるのが望み。,0.0
11335,お前らの主張なんてどこまでいっても「私」を前提とした「差別」でしかない。,0.0
11336,お前らがやってるのはスターリンや毛沢東と一緒！,0.0
11337,極左の破壊活動でしかない！,0.0
11338,#ヒステリック・フェミ,0.0
11346,文章読めないん？,0.0
11347,嘘つくのはやめましょう。,0.0
11348,煽りとかでなく、一度病院で統合失調調べてもらったほうがいいと思います。,0.0
11349,寝言は寝て言え。,0.0
11352,また嘘つくんですか？,0.0
11353,歴史修正乙,0.0
11364,今後もこのような卑劣な歴史修正には断固として立ち向かう。,0.0
11365,何処の世界線の方ですか？,0.0
11366,ご覧の皆さんに注釈を残すと、この発言内容はデマです。,0.0
11367,恥を知れと言いたい。,0.0
11382,歴史修正主義者か,0.0
11394,みじめな人生だからと言って、加害者のくせに被害者気取りで世の中に甘えるのもいい加減にしましょう。,0.0
11395,社会に文句をいうだけの存在でなく、きちんと社会に貢献するまともな人間になりましょうね。,0.0
11396,歴史修正乙,0.0
11581,子孫達のためにもちゃんと頭で考えてくれ。,0.0
11583,ろくに世間も知らないくせしてよくそこまでの自己満足なことが書けるね,0.0
11596,ひとのことを怠け者だと罵る前に、自分自身の怠惰を省みろ。,0.0
11597,現実を見てどーぞ,0.0
11745,詐欺をして楽しいですか？,0.0
12882,あなた方の大好きな差別、反日活動の邪魔になるとはいえ、言葉は選ぶことです,0.0
12883,自己紹介,0.0
12884,アンタの方が胡散臭い,0.0
12885,君の発言全て胡散臭いけどな。,0.0
12933,キッショ,0.0
12934,単に自分が嫌いな反発を並べただけですよね。,0.0
12957,コイツが一番めんどくさい定期,0.0
12958,おお…まるでレイシストだな。,0.0
13005,妄想か現実みろよ,0.0
13006,まけいぬよ哀れなオッサン,0.0
13148,夢はオフトゥンの中でどうぞ,0.0
14736,弱々しいから虚勢を張っているのか。,0.0
14833,何もできずに日本を沈没直前まで追い込んだ左翼民主党政権を信奉するような連中が何を言っても説得力は皆無。,0.0
15119,なんかさ、君は金銭欲や自己顕示欲が強すぎて周りの人間やサラブレッドに対しての愛が感じられないんだよね。,0.0
15121,全く触れずにこんな糞みたいな煽りツイートか,0.0
15122,捏造動画作って収益あげる奴が言うのはおかしいのでは(笑),0.0
15179,あなたの意志が弱いだけです。,0.0
15180,ストマックさんは、下手すぎます,0.0
15181,何回同じような事言ってるんですか,0.0
15227,何他人事みたいに言ってるんや！,0.0
15228,何もしなかったあなたのせいでしょうが！,0.0
16000,それと同じなんに自分らの趣味の話になると認識バグるのな。,0.0
16001,クソオス,0.0
16126,正直一つ前のツイートの一行目からギョッとしたけど、まぁ男なんてこんなもんだよな。,0.0
16128,あなたみたいな男ばっかりだから娘さんはこれから辛い思いをするでしょうね。,0.0
16141,ほーら始まった、何にもわかってないくせにわかったフリするようなやつ。,0.0
16142,あんたみたいなのがいるから「娘」という属性は一生辛いまんまなんだよ。,0.0
16274,非常に多くの日本人は望んでおりません間違い忖度はしないで下さい。,0.0
16276,日本語わかりますか？,0.0
16278,勝手に日本人て言葉を出さないで下さい。,0.0
16279,エビデンス出して下さい。,0.0
16281,生まれてこの方そんな話は聞いたことはないが,0.0
16301,具体的根拠を示せよ！,0.0
16303,多くの日本人が望んでいるなら実現しているはずなので、ソースも無しにウソは言わないでください。,0.0
16305,アンケートとったの？,0.0
16306,嘘ばっかり,0.0
16328,は？,0.0
16329,ちゃんと裏付けとりましょね,0.0
16330,ウソつくなや,0.0
16331,寝言は寝てry,0.0
16443,中身が全くないな笑笑笑笑,0.0
17031,生活環境まで政府にケツ持たせるとか言ってて恥ずかしく無いのか？,0.0
17034,まだアホなこと言ってる,0.0
17218,印象かよ=^.^=,0.0
17231,偏見。,0.0
17232,そのように印象操作して一部の金目教の人間が得する社会は間違っています。,0.0
17403,あ、松丸ディスりか？,0.0
17681,ゴ〇,0.0
17684,それ自分にも刺さらない？,0.0
17685,大丈夫？,0.0
17687,自己紹介か？,0.0
17697,だとしたら貴方には人として大事なものが欠けてますね。,0.0
18142,仮に被害者だとしてもジャーナリストがそんな不祥事見逃してたって無能にも程がある,0.0
18171,倒閣に加担してたんだろ。,0.0
18330,読めても理解できない。,0.0
18463,人は信じたい事しか信じない、の典型ですね…。,0.0
18464,脳が凝り固まってる。,0.0
18612,日本語おかしくないかい？,0.0
18623,オマケにデマ流すな？,0.0
18625,それとも、もしかして、貴方、日本語が母国語ではない外国の方ですか？,0.0
18641,社会を掻き回すのやめてほしいわ,0.0
18967,かわいそうな人達です。,0.0
18983,ん？？？？？,0.0
19163,むろん「何故GDPはこの30年日本だけが伸びないのか」みたいな話すら出来ない。,0.0
19944,キチンと日本語使えないお前のようなのがネトウヨ脳になってるだけ。,0.0
19945,ガマンしとけよ差別主義者さん,0.0
19973,屁理屈言うなネトウヨ。,0.0
19974,そういう所がダメなんだぞネトウヨ。,0.0
19976,ネトウヨ。,0.0
19989,笑いすぎてお腹が痛い,0.0
20786,議員なら真実の情報を広めたらどないや。,0.0
20789,違和感ある発言。,0.0
20801,議員が「バイオテロ」を公に発言。,0.0
20802,言葉の重さを知らないね。,0.0
20826,これがオウムのサリン事件と同一に見えるのならば医者に行くべきだ,0.0
20827,このツイートは絶望感に間違い。,0.0
20838,恐怖心煽り社会を混乱させてる。,0.0
20839,デマ相当する。,0.0
21471,最も信用できないのが岩田である。,0.0
21472,まだ牢獄にいないのが不思議なくらいだ。,0.0
21473,この人、注目されたいかまってちゃんなのに、文化的教養が低すぎて哀れ。,0.0
21474,この人以前も似たようなこといっていて、尚且つ指摘されていてそれでまた繰り返しているのだからただただ不誠実としかいえない。,0.0
21977,見たくねえならTwitterやめろよ！,0.0
21978,頭のネジ飛んだのか？,0.0
22307,他人の表現の自由への侵略や,0.0
22308,理屈が分からん,0.0
22707,お里が知れますね。,0.0
22710,コイツの方が、チンカスだろ。,0.0
23475,政治ではどんな主張も構わないと思うが、正しくない事実に基づいてはいけない。,0.0
23556,投資会のシバターみたいで嫌いです。,0.0
23557,個人的にくそなんちゃんらとかって言う言い回しが大嫌いです。,0.0
23617,言うだけだったら誰でも出来んだぜ行動に移しな,0.0
23810,貴方個人の感想、ワガママでディストピア作られちゃかなわんよ。,0.0
23811,オタク嫌いって偏見とかもう見飽きたわ。,0.0
23814,よく考えてよ。,0.0
23853,決め付けもここまで来ると清々しいもんだな。,0.0
23854,普段、根拠やデータを気にしてないからこう受け止めちゃうんでしょうね,0.0
23857,有効な反論が出来ないから性犯罪予備軍などとレッテル貼って話をずらそうとしてるんですね,0.0
23873,古のオタク。,0.0
23874,データを出して反論出来るのかな？,0.0
23875,どのへんが？,0.0
23878,「ようなもの」よって事実ではない単なる感想であるQ.E.D,0.0
25587,そんな中で、方法論が優れているから自民党が優れてるとか、何の冗談だよ。,0.0
25590,何を言っているのか。,0.0
25617,多様性以前に、極めて不誠実です。,0.0
25641,まぁ、貴方は次もないと思いますが。,0.0
25650,そんな中で、方法論が優れているから自民党が優れてるとか、何の冗談だよ。,0.0
25653,何を言ってるのか分からない。,0.0
25654,こんな人間が出政治家を志してる恐怖よ。,0.0
26227,メディアが現実に与える影響を一緒くたにするなバカ,0.0
26245,だから？,0.0
26246,論点がおかしいですよ。,0.0
26598,他人と比べても何にもならないやっぱジジイのクセにガキなんだなw,0.0
29231,乱暴なことばね。。。,0.0
29232,タグの口調が気に入らないね,0.0
29661,日本語の勉強からし直しておいで,0.0
29941,自分が理解出来ないから認めないなら「多様性」を理解してない。,0.0
30056,イラチのおばちゃん,0.0
30085,この様な、印象操作は如何なものかと思います,0.0
31083,何ら根拠ないですね,0.0
31108,差別者 であることを自覚してください。,0.0
31121,やっぱりなんかずれてんよね。,0.0
31135,寝言？,0.0
31555,そのソースはどこから？,0.0
31941,理屈を言うが理屈が解らない,0.0
32100,どんどん品性落ちますよ,0.0
32849,香西さんのツイートは「不確かな内容」いっぱいですよw,0.0
32866,というかほぼ間違ってる香西君が触れていい内容じゃないぞ。,0.0
32869,かつ介、貴殿のツイートも不確かな内容のオンパレードだろ,0.0
33410,ばかばっかり,0.0
33651,2行目ですでに意味がわからない。,0.0
33660,矛盾が多すぎで拾いきれないですね！！,0.0
33661,こんなことを真顔で言われた日には、笑い堪えるのに必死になってしまうわ。,0.0
33672,投票以外での政治参加を認めない類のお猿さん,0.0
33680,ミソジニー丸出しツイートをする未婚男性が女性に好かれるとでも思っているのかな？,0.0
33681,論理的に破綻！,0.0
33683,なぜ彼が女性にモテなくて辛い人生を送っているのかというと、女性が悪いのではなく彼が彼だからに他ならない,0.0
33704,一人でも反対したらアウトだと思ってんですかバカなんですかバカなんですね…。,0.0
33705,右翼は国粋主義であって、尊皇ではあるけど、天皇主義では無い勉強して下さい,0.0
33709,核保有国に侵略戦争を仕掛けると思っている時点で論外ですね。,0.0
33723,(´・ω・`)?,0.0
33727,あなたはそもそも胡散臭いのなんとかした方がいいっすよ、と思ってます。,0.0
33729,海外に永住して、そこで永眠して下さい。,0.0
33731,不審すぎるし薬やってんのかって思うよね。,0.0
33736,共感してくれる人としか話したく無いと言う事なんだろうけど、何かを発信したい人なの？,0.0
33738,私にはサッパリわかりません。,0.0
33740,発言が無責任過ぎます。,0.0
33747,こうした責任感の欠片も存在しない戯れ言吐く輩が相手に責任感を求めるなど笑止千万。,0.0
33748,駄文を長々と列ねても結局「ボクちゃんはアニメや漫画が嫌いなんでちゅ～」の一言で済むのだから中身など全く無し。,0.0
33749,お　ま　え　が　い　う　な,0.0
33750,バカじゃねぇの。,0.0
33754,何か問題があるんですか？,0.0
33768,そして皆んなの共感を得て更なる批判ルームを作っているわけですね。,0.0
33774,大きな勘違い。,0.0
33781,その脳みそが既に洗脳されている（笑）,0.0
33782,たかがテレビ見るのにこんなに脳みそこじらせてかあいそう、かあいそう。,0.0
33787,うーん一見いいこと言ってるようで政治への要望がコロナ脳。,0.0
33788,そんなことは中２でも言える。,0.0
33799,お前が、賢さと無縁で学歴コンプだというのは、よくわかった。,0.0
33809,「歴史修正主義者は嫌い」って書いてあるから自分の事嫌いなんだね,0.0
33810,ねえ、もう少し勉強してから、考えてからツイートしない？,0.0
33811,あるものをあるってそれはあなたの勝手な思い込みですよね？,0.0
33812,こんなバ看護師が居るから、いつまで経っても看護師の地位が上がらねえんだよ(=_=),0.0
33815,早く垢消せ,0.0
33844,そもそも右翼、左翼だけで区別する物の言い方が好きではないですね。,0.0
33848,だから何？,0.0
33851,改憲誘導ですか？,0.0
33853,田母神氏の、この ↓ ツイートの意味がわからない。,0.0
33854,また、”学校で憲法に沿って反日教育が行われている。”とするが、何を指して反日教育と言っているのかも不明だ。,0.0
33855,こういうこと言う人、戦後の経済を支えてきた人の気持ちなんて理解しようともしてないんだろうな。,0.0
33856,日本を悪い国だと思ってる人の筆頭はあなたでしょう。,0.0
33857,いつもいつも日本のやることに対して悪口、文句ばかりを言っている。,0.0
33861,人並み以上に納税してるのか？,0.0
33870,ある界隈の人たちって、「本当に」だの「真の」だのが大好きなのですね…,0.0
33871,？,0.0
33872,何を仰りたいのか、よくわかりません。,0.0
33874,極論,0.0
33875,一寸、論を飛躍させ過ぎて極論に持ってってる印象が。,0.0
33901,ほんとやかましい。,0.0
33915,あんたのフォローで中国の悪口を言ってるヤツがいる！,0.0
33922,言いたいことはわかるけど、そこは自明で済ませずにデータを出すべきでは。,0.0
33924,誰のことを言ってるのだろう？,0.0
33925,ムカつくな。,0.0
33926,東大京大に入った人は普通に本読んでるし、そもそもこの人のIDが頭悪すぎる。,0.0
33933,なんで海乱鬼って年中イキり散らしているわりには、物の考え方がこんなに弱々しいのだろうな。,0.0
33938,単に負け犬の遠吠えやん。,0.0
33948,こういうアホな事を まことしやかによく言えるもんだね(呆れ)アンタのツイート読んでたら、せっかく(時々)良いことを言っていても、いつも こういうもので引いて(退いて)しまいますよ?,0.0
33953,おんなじような事を年中呟いてるけど、要はボキャ貧なんだなw,0.0
33954,言い尽くされたネタばかり,0.0
33955,それは価値観の押し付けだと思いませんか？,0.0
33958,ギャンブルの為の口座やアプリを勧める人が言える発言ではありませんよ,0.0
33959,当たらないから文句言ってるだけですよね？,0.0
33960,朝から何言ってんの？,0.0
33961,結論、人のせいにすな?,0.0
33963,大丈夫？,0.0
33964,そんな事より約束守ろうね出来ない守れない約束をするから嘘つき言われるんだよ,0.0
33965,まさにお前じゃん　乞食ジジイ,0.0
33966,お前は無理だからさぁ、人に迷惑かける動画だけはやめたら？,0.0
33967,借金いくらあるの？ねぇ,0.0
33981,「女性であるが故に不利益を受けたり生きづらさを感じさせられたりすることのない社会を実現しなければ」という部分は大賛成だが、このツイートはちょっと...。,0.0
33986,雑な誘導は逆効果です。,0.0
33988,すぐ嘘を、しかもすぐにバレる嘘を付くからお前ら支持されねえのよ,0.0
33992,恥かくだけだからやめとけ,0.0
33999,どう考えても今の発言は差別です。,0.0
34000,事勿れ外交を繰り返し国益を損ない続けた人物がどの口で？,0.0
34003,根拠ない邪推でワロタｗ,0.0
34004,僕、こういう頭の悪い主張は嫌いだけど、世の中がこういう意見を言えない環境にはなって欲しくないと言い続けるよ。,0.0
34005,まーた架空のオタク像を捏造してそれを叩くなぞの行動か(*´∀｀*)お前オタクへの依存症よな(笑),0.0
34006,お前らが規制しようと躍起になるからそうなるんだよ,0.0
34007,むし守備側はてめえのテリトリーで手一杯なんだ、お前らが余計な飛び火するやり方ばかりしてるから仕方なく病巣ごと叩き潰す戦略に移ってるだけでな,0.0
34008,貴女の屁理屈だと､お父様は女性差別をしたんだよ｡,0.0
34009,貴女のお母様に対してそして貴女のお父様祖父母お母様の祖父母も女性差別した事になりますが？,0.0
34015,なるほど、そう信じたいんですね,0.0
34016,ウソつくな。,0.0
34026,またデマ流してるーくっだらない動画ばっか見てないでたまには正しい情報も見ましょうね,0.0
34027,こういうデマを流す人も乗っかる人も通報ね,0.0
34032,現状を変えたいとは思わない人達に向かって、現状を変えたい側が「内容を知れ、理解しろ、自分で調べろ」って随分高飛車。,0.0
34035,公共の場で他人を非難しておいて、自分達の発言にさえ向き合えない、責任さえ反故にするような左翼勢力とはそんな馬鹿げた連中の集まりなのか話にならん,0.0
34049,心だけではなく脳ミソもないか足りなくなってしまってるようですね。,0.0
34051,まるっきり反対派の主張内容を脳内で生成してるっぽくて、このあたりは表自だとかと共通する妄想系が多いね。,0.0
34054,お前見たいな事を、言う奴が居るから、更に感染者が増えんだろ(＃｀皿´),0.0
34055,物事を見極められないコロナ過剰議員は今すぐ辞めてくれ,0.0
34056,残念だけどその記事は死ぬほどいい加減で嘘っぱち何が言いたいのかさっぱり分からない,0.0
34058,こんないい加減な記事で惑わされる時点でありえないと思います。,0.0
34061,仮定が良くわからないな…,0.0
34073,ネトウヨが差別用語と、訳の分からない主張をするネトウヨ。,0.0
34074,ようネトウヨ,0.0
34077,俺たち日本人の恥であるこのようなネトウヨがいるから、ヘイトスピーチ厳罰化が必要なんだよな。,0.0
34092,そのような判断の責任を相手に転嫁していますが、あなたは戦争をした上での責任を取ることは出来ませんよね？,0.0
34094,こんな会話ありえないし、しても意味がない。,0.0
34099,間違った情報を垂れ流すなよ。,0.0
34100,バイオテロとは言い過ぎです,0.0
34101,お前は馬鹿か？,0.0
34103,これほど頭固いとは。,0.0
34105,これを取り締まる権力を得たら、あなたみたいな人は香港弾圧みたいなこと平気でするんですか？,0.0
34130,全体主義思考の異邦人に言われたくない。,0.0
34131,レベル低すぎで語る気もしない,0.0
34136,品位のカケラも無いお言葉ですね......軽蔑します,0.0
34137,汚い単語の使用は、内容が正しい批判であったとしても、イカガワシク感じさせますよ。,0.0
34138,小学生かな？,0.0
34139,#きっこ左翼の言葉の汚さ。,0.0
34140,シツコサでは「きっこ」の方が200％しつこいのに本人だけが気が付かない認知症加減が草,0.0
34144,格差とか言い出して何が言いたいんだろ…,0.0
34145,最近は物言いが酷すぎるし単純に煽って自分のチャンネルに誘導しようとしてるんですね。,0.0
34148,真っ当な批判を犯罪、差別にすり替えるってすごいね。,0.0
34149,だから根拠なく根拠なくって、根拠なくという根拠を述べてみてくれ。,0.0
34150,やんわり現代のオタクをdisる,0.0
34151,ハッシュタグなんて哲ちゃんにはまだ無理だからおとなしくしてなさい,0.0
34154,何でそうなる？,0.0
34157,いや、その理屈はおかしい。,0.0
34159,あなたのアジテーター活動のコストパフォーマンスはかなり低そう。,0.0
34161,＞変わらんくらい根拠ねぇなんかそういうデータあるんですか？,0.0
34178,議論をする上で大事な事はデマや事実の基づかない物、エビデンスが十分でない物、などを省きながら質の高い、また、広い視野での議論が尽くされるとより良い方向に向かうと思います。,0.0
34181,皇太子時代の上皇陛下をディスっているのでしょうか？,0.0
34189,そんなわけ無いだろ笑,0.0
34196,だから？,0.0
34197,あなたは負け組です,0.0
34201,どんどんバカになってくな…,0.0
34202,人生を勝ち負けと言ってる時点で薄っぺらなんだよ,0.0
34204,大丈夫かこいつ頭がお悪くいらっしゃる、、,0.0
34222,黙れ小僧笑笑,0.0
34232,くだらんツイデモより京都の財政状況気にした方がいいんじゃない？,0.0
34234,品の無いタグやのぅ,0.0
34237,ん～取り敢えず日本語大丈夫？,0.0
34241,いちゃもんつけるネタがついに大相撲にまで及んできましたね、そんなにあなたの周りのことがあなたの思い通りになる事はありえないんですよ。,0.0
34243,多くの外国人力士がいて横綱にもなっている自分の思い込みだけで印象操作、あなた自身が一番品格がないですね,0.0
34246,嫌なら外国行きな。,0.0
34247,相撲に文句垂れる血ナマコ先生でした,0.0
34255,アホくさ。,0.0
34256,寝言は寝てから言ってください(´･Д･)」,0.0
34257,税金泥棒が寝言を言うな!,0.0
34259,誰も共感しないのがなぜか？を考えたことがありますか？,0.0
34260,酔っ払ってるのか？,0.0
34261,まーたデタラメな事を…。,0.0
34262,数字は嘘をつかないが嘘つきは数字を使う,0.0
34263,世迷い言,0.0
34264,妄想に浸っとれやバカタレw  お前のツイートには度々書かせてもらってるが赤旗(便所紙)配達員や共産党病院の職員の給与上げたれや。,0.0
34265,先ずはそれをやってから文句言えよなw,0.0
34266,真剣にとりくむ人はこんな方向性不明の書き方はしない。,0.0
34273,あなたはヒトラーか？？？,0.0
34274,やってること全てヒトラーにそっくりwwww,0.0
34275,なにか、もんだいでも？,0.0
34276,?(｡･?･)????？,0.0
34286,馬鹿はどっちなのか…,0.0
34287,応援してたのに残念逆にこういうツイートに騙されないようにしよう,0.0
34288,決めつけは良くない。,0.0
34289,左翼と同じ煽り。,0.0
34290,こんなツイートしてどうなるか理解できないなんて、馬鹿ですね。,0.0
34291,違う意見を受けられないのは唯我独尊で最も危険なことです,0.0
34292,自分の考えと違う人を罵倒するのは自信がない裏付けですよ。,0.0
34293,馬鹿なの？,0.0
34296,？,0.0
34311,このツイートは事実に基づくものなの？,0.0
34312,事実と異なっているというソースは？,0.0
34313,いっつも内容が不確か。。。,0.0
34327,あんたら「獣臭い博多ラーメンはすべて禁止して、マイルドな味だけにしろ」と言うから嫌われとるんやで？,0.0
34328,いや、なんかすんげぇ色々と言葉飾ってるけどさ。,0.0
34329,獣臭いラーメンの様な汚物は消毒だー、ヒャッホ?！」ってカタルシスに溺れて悪役やってんのが自分達だと理解できて無いんじゃ無い？,0.0
34331,15年くらい認識が遅れてる。,0.0
34332,多方面に喧嘩を売る天才を見つけた。,0.0
34333,アンタ、もしかして別の世界線から来たのかい？ｗ,0.0
34334,またデマ?,0.0
34335,あなた方モンスタークレーマーがいい加減TPOをわきまえればいい話ですよ。,0.0
34336,まーた歴史修正かどんだけ嘘つくねん,0.0
34340,「いつもの様に難癖付けたら強烈に反撃されて旗色悪くなったし、活動アピールするという最低限の成果は得たから撤退しました」ってのを活動家用語に直すとそういう発言になるんですね、よくわかります。,0.0
34342,しっかり搾取されてて草養分乙,0.0
34346,文明人としてのスタートラインに立ってから発言してほしいものですが、このように非人道的になってしまうのも完全なる自己責任とは言えません。,0.0
34352,お前みたいなおぱよさんでもまともな職にありつけてる事に感謝すべきでは？,0.0
34353,何を言ってんだ？,0.0
34356,分断はこういうツイートだぜ？,0.0
34359,半年前に言えよ･･･アホなの？(笑),0.0
34361,ぶっちゃけ一方の考え方しかできないあんたが弁護士名乗ってる方が胡散臭いわ,0.0
34362,あなたのようなレイシストにはうさんくさいのですか？,0.0
34363,あなたが一番胡散臭いです,0.0
34364,という胡散臭い主張,0.0
34366,さすがにご冗談ですよね？,0.0
34378,あっー高専差別…？,0.0
34397,さすがネトウヨと言いたくなるくらいおバカさんだな。,0.0
34413,経験も知識も経済力もない似非フェミが自分のお気持ちを会社にクレームとして喚き散らしている。,0.0
34414,本気で言ってるん？,0.0
34417,いいえ、このような著作や講演会をされている時点で全く説得力ないです。,0.0
34430,その条件も言葉の定義も曖昧でコロコロ変わるから貴方たちは嫌われるんですよ。,0.0
34431,あなたが偏見にまみれているのはよくわかる。,0.0
34432,いやいや、いつも主語がデカいのはあんたらクソフェミだから,0.0
0,てか子供が可哀想です。,1.0
1,だって「ダメなことはダメって言う」,1.0
2,「男は」ってあんた、イケメンを男に入れないのはおかしいだろ。,1.0
3,何でいちいち悪い評価の人に合わせなきゃいけないんだよ(笑),1.0
4,勇気いりますよね！,1.0
5,というかこの議論に学歴うんぬん関係ありますか？,1.0
6,挙句の果てに、今朝ニュース番組で「mRNAは危険というデマがSNSで拡散されている」との報道が。,1.0
7,こんな条例に自分の家のことに口出しされたくないわ！,1.0
8,だから話し合いも理解しあおうとするのも、無駄だなって。,1.0
9,むしろ、日本共産党でさえリベラルに傾いていると思うけどね。,1.0
10,その人が労働者として可笑しいだけで。,1.0
11,すべてが捏造かどうか分かりません。,1.0
12,まぁ、それも嫌だけど。,1.0
13,太陽光発電、風力発電だけでは無理だな。,1.0
14,何時出るか、そもそも出るのか不明な一律給付を頼るとか有り得ませんね。,1.0
15,わざとやってる気もします。,1.0
16,ネトウヨが差別用語？,1.0
17,法律作って掠め取る、きたない放送局め。,1.0
18,そう思う時有るよ。,1.0
19,う?ん、なんとか擁護したいと思ってたけどとっくにデータで否定されてる「日本だけ何百倍も何万倍も暗数がある」とか偏見にまみれた出羽守ポーズ部分は擁護不可能だよ…,1.0
20,ﾅﾆｶﾞﾜﾙｲﾉｶ,1.0
21,もっとも必要の無い国!,1.0
22,そして、フェミニズムは皆がどう捉えようが優しさをもって寄り添うでしょう。,1.0
23,日本語で「証拠」です。,1.0
24,あなたの親なり家族、または大事な人がそのようなことを言われて怒らないのですか？,1.0
25,デモへの誤解や悪い先入観を撒き散らし植え付けた影響は計り知れない。,1.0
26,道理ですね,1.0
27,逆にウマ娘足出してるだけで　,1.0
28,今のところは怖すぎな人いないから居心地よいとこ,1.0
29,オタク（の男）になら何言っても糾弾しない。,1.0
30,#拡散希望RTお願いします,1.0
31,努力はムダにはならない。,1.0
32,イギリスに住んでいて、去年との差は重症者より感染による濃厚接触者が増加、そして自宅待機からの労働力低下し、インフラが圧迫されている印象があります。,1.0
33,まあ、おおよそ、そのお金は自民党に政治献金している企業に回るようになってますからね。,1.0
34,それだけ。,1.0
35,政治に関しては楽な選択してるかも,1.0
36,僕は僕の判断で打ちません。,1.0
37,終身刑にして責任を取らせつつ、永遠に反省させるべし。,1.0
38,コイツはリプすら読んでませんよ,1.0
39,表現を規制する方向ではなく、正しい情報を別に発信する方法が妥当だと考えます。,1.0
40,ほっとけば勝手に積み立ててくれるのに。,1.0
41,なんで1番の重要なポイントで逃げるかな。,1.0
42,単に攻撃を受けているのがそちらだから全力で守ってるだけ。,1.0
43,米兵は永久的に日本の飲食店利用禁止。,1.0
44,容疑者の人権として論じるところが、外国人の人権の話になっていて、論点をずらしているように思えます。,1.0
45,南アフリカでコロナワクチン打つか悩むって言ってる人は「私には学がないから何を信じていいから判断しあぐねてる」って言ってて格差って大変だなって思ったけどアメリカは会話にすらならない。,1.0
46,はたしてそうかな,1.0
47,ツイ見てても気になるのは、自分の格差を見せ付けられることを極度に嫌がることかな。,1.0
48,そんなわけ無いに決まってるじゃないですか,1.0
49,子供がかわいそうでならない。,1.0
50,で、中共はその金で日本侵略を企ててる…と…何だそれ？,1.0
51,これを反貧困運動と断じて広めるのは反人権的です。,1.0
52,いくら説明しても無理それは既に治療が必要な洗脳されてる脳みそだと思います,1.0
53,各地で内戦が起こってるの草,1.0
54,汚染水と処理水は違うものだから、あるものはあるとかの問題じゃない。,1.0
55,3～5分に…,1.0
56,私もそう思います！,1.0
57,「自分は勇ましく戦う戦士！」のような「イメージ」即ち虚像にだけ溺れている人達「他人にそういうイメージで見てもらわないとヒステリーを起こす」（自分の矮小な正体がバレたと思うからだろう）,1.0
58,発症時期や病前の社会適応、知的能力、発達特性、見込まれる支援などなど、得られる情報は沢山あり、診察時に共有できる話題が見つかることも。,1.0
59,果たしてそんな人間は存在するのか？,1.0
60,要するに行動力がある人が成功する。,1.0
61,厚顔無恥と言うことばが、彼らの辞書には載ってない模様です。,1.0
62,役に立たなかった!,1.0
63,お金もかからず簡単なのでぜひ。,1.0
64,もう帰っていいんじゃない？,1.0
65,その格差を現段階では個々が埋めて行き助け合える世の中にしないとだよね。,1.0
66,この中学生は簡単に詐欺にかかりそうで怖いな。,1.0
67,いいわけはいいから絞首刑にして欲しい。,1.0
68,残念ながら日本の有権者の多くはそんな事何一つ理解していません。,1.0
69,あと、コストしか見ないアホ経営者が悪い。,1.0
70,合ってないんだからさ。,1.0
71,うちのまえの施設がそうですね,1.0
72,性欲を食欲に置き換えれば理解できるかな？,1.0
73,自分のアタマで考えられる人は政府がロクな事してないって簡単にわかるよ。,1.0
74,ろくでなし子(@6d745)さん や 柴田英里(@erishibata)さん,1.0
75,さらに…電子カルテが…重くなったり…要領悪かったり…すると…詰む…のです…,1.0
76,多くの方にその内容を知って下さい。,1.0
77,これで終わりにするつもり？…と感じました。,1.0
78,先の衆議院選挙の結果には暗澹としました。,1.0
79,教えて下さい,1.0
80,て,1.0
81, おはようございます,1.0
82,婚姻中に築いた財産は、夫婦の共有財産で、婚姻関係がいつからなのかが重要であって、名字は無関係。,1.0
83,イギリスはEU民が英語通じないから、通訳いれば理解する可能性あるだけマシ。,1.0
84,この方達は私達地球の仏様です,1.0
85,反コロナワクチンのわたしでも、牛乳の件（そもそも悪玉論的なやつとか・政府がごり押しとか？）はついていけない。,1.0
86,政治をサボっているなら話は別だが、政治家は政治家である前に人間でなくてはなりません。,1.0
87,そんな学歴を気にするなら卒業証書とか身分証で確認すればいいのにね。,1.0
88,昔の戦国武将や大名だって新しい文化に手を出せば今で言うオタクですよね？,1.0
89,オミクロンよりも、煽ってくる自称専門家や芸能人の方が怖いんですが…,1.0
90,最近(昔から？)増えたよな．,1.0
91,報道規制がなされ、多くの医師が本を出してまで訴えているのだから、否定するなら根拠を示してほしいですね。,1.0
92,実情がバレるまでポルポトを擁護したり文革を礼賛してた連中と同根でしょうねえ・・・,1.0
93,社会保障の削減一択。,1.0
94,新たな刺激や出会いが少なくなってきてるから好きなことや気になることのコミュニティには積極的に入るようにしたいです。,1.0
95,なるほどな。,1.0
96,向こうは軽い身体障害ではあるものの、顔は可愛いし、短大を卒業、転職を繰り返しましたが今はそこそこ高給取り。,1.0
97,キチガイ！！,1.0
98,愛子天皇はあり得ない。,1.0
99,シュン社長！,1.0
100,勝手な妄想でそれらしく言い募っているだけ。,1.0
101,かせると本質が不透明になり、お笑いのプロパガンダ利用倫理観欠如で日本会議理念の安倍晋三元首相は「私が国家だ」とんだ勘違いの傲慢不遜で権力私物化「政治とカネ」,1.0
102,おはよう御座います。,1.0
103,拡散しなくっちゃ,1.0
104,来年、みんなにとって、幸せな年でありますように,1.0
105,「投資はギャンブル」って投資に無知な人のセリフですよね。,1.0
106,と言うかその手の人間てホントに読んでるのかも割と疑問な気が(笑),1.0
107,すももさんが｢ガシマンはダメ｣って思い込んでるのだってメディアやSNSの影響なんじゃないの？,1.0
108,あまりワクチン接種、非接種でキツい表現しない方がいいですよ。,1.0
109,お金を稼ぐ目的の1つです,1.0
110,金がない人はレイプするでしょうね？,1.0
111,ためしに訴訟してみたら？,1.0
112,正しい行動があってこそ結果も出せますね,1.0
113,「本当は『俺が好きなものを批判するな』しか考えてないのに、それを堂々と言わずにもっと大きな概念を守ろうとしてるフリをする」,1.0
114,これ以上国民を苦しめるなよ！,1.0
115,「米国と協力して憎き中国に制裁を！」と叫び、米軍基地に反対する市民をプロ市民と揶揄するウヨ様達。,1.0
116,こないだは「左翼は圧倒的マイノリティ」と言ってたネトウヨさんもいたし。,1.0
117,足りない倫理観をまともな人が補わなければなりません。,1.0
118,いつもまだまだって思わせてくれる,1.0
119,とりあえず〇〇イズムは主義で、主義とは思想であって、それは置いといて、ご迷惑をおかけしました。,1.0
120,まさか私の親族以外は女性差別してると思ってますか？,1.0
121,コロナだー,1.0
122,「悪いことしない人」は「悪いことする人」や「悪いことする人を見て見ぬふりする人」から外れた「弱いもの」になって「弱いものいじめ」されるもの。,1.0
123,そして、同時に逃げ口上を必死に考えているはずです,1.0
124,社会性がなくなる前に,1.0
125,なるほど,1.0
126,そこに低収入がプラスされるとどうにもならなくなります。,1.0
127,でもそんなの、実態が伴わないから常に空回りしてるんだよね。,1.0
128,それが出来ないから｢,1.0
129,私も始まりだと思ってます。,1.0
130,本を読んで、成長するのは知能の内の極一部分だけだから、それだけで人としてどちらが知的に成長してるかなんで分からないですよ,1.0
131,ここまで対策を徹底してるからこの程度で済んでるとも言えます。,1.0
132,稚拙ですねぇ笑,1.0
133,修正されてませんよ？,1.0
134,バカな人間は。,1.0
135,結局、これが今の日本の民度なんですよ。,1.0
136,ロンドンで、タリバンの宣伝聞くより「虎８ニュース」の方に切り替えたら・・須賀川さん・・？,1.0
137,多様性とは？,1.0
138,いつも情報をありがとうございます,1.0
139,学校ではよく使われちゃう気がしますね。,1.0
140,安倍政権の支持率が6割くらいあったときは、反日や左翼も支持者に混じっていたことになるのか。,1.0
141,凍結されたよ！,1.0
142,そもそも今の政治体制が官僚政治という事に疑問を感じる、まずそこを潰して本来の政治家主体にしないと政治家って必要ない存在となる,1.0
143,「経済大国」を標榜するのなら国民の実態もそれに合っていなければおかしいですよね！,1.0
144,客観的に観てると「（自分の）まわり全員が迷惑してんだよ！,1.0
145,野田さんは事実無根だと言ってますが、元暴力団員が事実という証拠はどこにありますか？,1.0
146,「テレビに映っている姿が格好良いから」とか、「野党は批判するだけで何もしないから」とか、「与党様、与党応援党（維新とかね）に反対する奴等は悪だ」とかそういうバカが多いのが現状です。,1.0
147,こういう人こそ最弱オミクロンへの過剰な対策による経済疲弊を批判してほしいね。,1.0
148,過去の自分にはほっかむりして,1.0
149,あちら側は、極端に変態も多いですしね。,1.0
150,2歳の娘がいるのでブクマして、妻にも共有しました！！,1.0
151,ほんとたくさんの学びをありがとうございました,1.0
152,ん？,1.0
153,半島系の顔ね,1.0
154,解釈の仕方で変わりますよね。,1.0
155,これ自己責任ですか？,1.0
156,大日本帝国の極悪時代があるでしょう。,1.0
157,どうかご自分を責めないでください,1.0
158,ワクチンがなかった頃とワクチンのある今何か状況は変わりましたか？,1.0
159,別姓が良いなら婚姻届出さずに同居でいいでしょ？,1.0
160,何してもいいんやなぁ,1.0
161,日本国内でも感染者より停泊中の弁当の方が大きなニュースになってたし、ご担当者様、お疲れさまです。,1.0
162,好きなものを無茶苦茶な理由で批判されて存在まで「犯罪につながる」とまで言われたら、そりゃ普通怒りますよね？,1.0
163,何でセーシキさんが表現規制大好き統一教会？,1.0
164,遊び相手になってくれるのは安倍総理だけ。,1.0
165,あと、個人は分割できないが法人は分割可能だから税制の考え方も異なる。,1.0
166,ボロクソに言う世間に何の矛盾も感じることなく胡座をかいているのが太田。,1.0
167,米日が関係してるなどという話はありませんね。,1.0
168,北口は湾岸タワマンのようなニコニコ幸せそうな子育て勢、反対に南口は高齢者に半グレ夜職みたいなのばっか。,1.0
169,自分は豊かになりたい、でも気に入らないあいつは貧しくなってほしい。,1.0
170,太田は頭が悪いくせに、知ったかぶり、あんなんで芸人なんて、干されなきゃわからないのよ。,1.0
171,いやいや、一握りの反日活動家でしょうね！。,1.0
172,ある創作物で世の中全ての人の尊厳が傷つくならともかく世に出てるものは受け手によって創作物への評価が分かれるものだろ。,1.0
173,昔々の太古から馬鹿な愚民が圧倒的多数だったわけで、ガリレオさんの気持ちがわからないでもないです。,1.0
174,努力の量が圧倒的だよね,1.0
175,そうじゃない人のほうがたくさんいます。,1.0
176,ほんそれ。,1.0
177,まともな医師はいたただ利益優先強欲の医師免許持つ奴の声が大きすぎた最初の東京都のコロナ死者の発表は平均年齢70歳超えの基礎疾患ありの男性ばかりだったよな,1.0
178,もう滅茶苦茶だ12歳からやってるのだけでも、もうこんな社会にいたくないのに,1.0
179,中国で余った太陽光パネルを売付けられる緑のタヌキ！,1.0
180,こっちが本気になると「ジョークだ」と言ってごまかそうとする,1.0
181,いつまでステレオタイプのキモオタを妄想してるんですか……。,1.0
182,いや、若い人より高齢者の方がお金持ってるの当たり前だと思う。,1.0
183,仰る通りです。,1.0
184,＞消費者が不快感を呈して公共的な広告から温泉むすめが消えり、設定変えさせられても、それはＴＰＯの問題。,1.0
185,あ、それならオイラも現役いけます,1.0
186,多数決は正しいとは限らないのをご存知ない？,1.0
187,ワクチンの手配が遅れていると聞いていますが？,1.0
188,なんやこいつ自己責任やろw,1.0
189,「イヤなら観るな」で終了案件じゃねぇかいつまで我儘言ってるんだ？,1.0
190,そうでも無い気がします。,1.0
191,世間の人って御馬鹿さんなんだね、少しでも調べたらわかるよ？,1.0
192,所得税、消費税、社会保険料なども日本と同じか近いのでしょうか?,1.0
193,オミクロンだーってギャーギャー騒ぎ立ててるのはTVや新聞の中だけっすよ？,1.0
194,何でもかんでも結局最後に一律給付にする当たり一律給付信仰でもしているのは？,1.0
195,これを取り締まるのが旧態依然とした男性社会とけいさつ。,1.0
196,男をそういう見方しかしてないと。,1.0
197,もし「性欲がある全ての人間は性犯罪者予備軍である」と言うのなら、その理屈は合っている。,1.0
198,現実には補い切れませんが。,1.0
199,②仕事以外のコミュニティに入る。,1.0
200,一回まずは現場にいってみようね,1.0
201,は？,1.0
202,変革により気に入らない古い因習よ消えろ！,1.0
203,いわゆる「統計的差別」問題ですね。,1.0
204,そして俺にとって都合の良い社会になれ！というのがぶっちゃけ維新の原動力であり、Twitterにはそこら中に落ちているもの。,1.0
205,本当に高校生当事者からの切実な声なの…？,1.0
206,日本は天国。,1.0
207,でもこれ人種や性別などに忖度して数値弄って判定し出したら全く意味の無いAI分析になると思うんだけど、そんな判定に意味あるのかな？,1.0
208,今私立大学では「推薦入試」の名の下に、定員を満たすことに血道を上げている。,1.0
209,多数派仕事に夢中、恋愛に夢中、遊びに夢中浸潤は進行し、この間の衆院選では、共産党への投票率は、7.5%もあったそう。,1.0
210,学歴じゃないと言うなら、大学名なんか出す必要なくないですか？,1.0
211,必要だったのは聞いてくれる人とそこから離れる時一緒に居てくれる人。,1.0
212,気づいてないのはどっちw,1.0
213,資格取れば関係ないで,1.0
214,年の瀬に、誰しもが思ってる事をツイートする？,1.0
215,関関同立レベルで５割～６割は「推薦」で入学している。,1.0
216,保○所勤務で振り回されてバカらしいもう、この職場辞めます。,1.0
217,どうするの？,1.0
218,日本はそんな女性の国じゃないぞ。,1.0
219,社会人になりコミュニティが限定されてます。,1.0
220,出たよ,1.0
221,出せとか乱暴な言葉はやめませんか？,1.0
222,僕はタバコ大嫌いだよ,1.0
223,西原理恵子のエッセイでそんなのがあった。,1.0
224,お3方はじめそのフォロワーさんたちがいる限り、まだ希望はあると思います。,1.0
225,mTちゃん無糖さん,1.0
226,ゲーマー的に言えば、世界規模でリアル人狼ゲームの真っ最中です。,1.0
227,逆にその事のアンテナがビビって動いて聞いたり見たりで・・・。,1.0
228,今のままでいいんだ、行け！,1.0
229,「お互い様」とは、よく言ったもので。,1.0
230,まあ、共産主義なんて世界中で虐殺を引き起こして来たわけだしな。,1.0
231,多文化共生ってしなくてはいけないのですか？,1.0
232,普通に臭いから止めてくれですむ話だろうになぁ,1.0
233,マイラーズさん、応援しております,1.0
234,これに尽きるのよね。,1.0
235,時事ネタ風刺と毒が混ざってるタイプのジョーク。,1.0
236,昨日からTwitter始めました、とうまです！,1.0
237,米軍だけでなく、日本人の帰国者がオミクロンをばら撒いた！,1.0
238,貧困は不治の病だって。,1.0
239,デマを流すにしても悪質過ぎる。,1.0
240,あ、打ってか？,1.0
241,痛くて耐えられないと思う。,1.0
242,F1のグリッドガールは対立したから滅ぼされたんじゃない。,1.0
243,ツイッターは、関心があるテーマしか表示しないから、政治に無関心な層と交わることはない。,1.0
244,字幕とアナウンスだけで、えっ？,1.0
245,伝統と言うか因習ね。,1.0
246,おっしゃる通り！,1.0
247,仰る通りです。,1.0
248,その柔らかな言葉で、製薬会社は、その後遺症に対する治療薬も売れるとか考えてたりして。,1.0
249,それは簡単です。,1.0
250,おはようございます,1.0
251,遠い隣人のままでいきましょう。,1.0
252,私立ならいじめを受けないだろうという謎の価値観。,1.0
253,いや今年大問題なのは給湯器でしょうよ...,1.0
254,とてもじゃないけど「別姓じゃないと困ってる」人には見えない。,1.0
255,さすが多摩湖ナルコレプシー(@tamako_han)さんが、フェミニズムの細い細い糸を繋いでおられます。,1.0
256,沸点の低い人ほど多様性文化だ,1.0
257,自分の都合でずる賢く周りの顔色を窺い自説を曲げる奴は腹の底でいつ裏切るか分からない,1.0
258,自己満足してて草,1.0
259,ここのリプライの人達はなんで高学歴の人を馬鹿にしているのかな…,1.0
260,負の遺産多数,1.0
261,自分の時間を費やして誰から言われたわけでもなくやりたいからやってた。,1.0
262,経験談でいうと、目先の欲望を我慢できない、快楽が手に入ったら後の事はどうでも良くなってしまうんですよ。,1.0
263,愛国者の定義を変えなければいけないね。,1.0
264,その人の体とその人の人生なので。,1.0
265,コロナ関係だっけ？,1.0
266,orzそれが事実なら、日本みたいに米国でも人気のない夜道を女性1人で歩いたり、子供1人で通学させたりしてるんですかね…,1.0
267,オリジナルやアルファ株はともかく、デルタ株やオミクロン株なら寿命だと思う(´・ω・｀),1.0
268,行動にレッテルを貼り、ウイルス撒き散らす者達と言う解釈を広めた。,1.0
269,下層階級も知らないんだよ。,1.0
270,左派共に政治信条の押し付け合いなんだなぁって実感するわ。,1.0
271,何がおこつたの？,1.0
272,いろんな考えの人がいるので、人のことを馬鹿とかはどうなのでしょうか。,1.0
273,日本のパスポートは、世界最強。,1.0
274,大相撲は神事の一つです?,1.0
275,名目は平等を掲げているのに、やっている事は自分の価値観の押し付け、自分さえ良ければいいという利己主義でしかないんだから。,1.0
276,しかし、少なくとも第2次安倍政権以降の自民党は完全に狂ってる。,1.0
277,反ワク、自分が嫌なら打たなきゃいいだけなのに相手の高学歴を持ち出して腐すのが意味不明。,1.0
278,正解,1.0
279,何もかも給付も、差別マスクもガスマスク配布しないどう考えても#コロナもゴミクロンも弱毒#差別日本政腐,1.0
280,ふむ…＞,1.0
281,何をもって右翼、左翼なのか、歴史や国によってバラバラです。,1.0
282,れいわ新選組は「ピンクの共産党」という別名があるようですがその通りだと思います。,1.0
283,え？,1.0
284,真似してるんじゃ無いかな。,1.0
285,やっぱバイオレントファット太郎の名は伊達ではないのでは,1.0
286,そんなにフェミニスト名乗りたいなら、紙や電子世界に書かれたキャラではなく、実際の女性の権利を訴えるべきでは？,1.0
287,立憲民主主義の国である以上、当たり前のことだ。,1.0
288,マジョリティの数の暴力による少数派の弾圧・淘汰を防ぐために。,1.0
289,3億の損害賠償貰ったとして,1.0
290,ワクチンがなかったら大変な事になってたって本当でしょうか？,1.0
291,再犯同様初犯の危険性もあるんだしリスク０を求めるのは現実的じゃない。,1.0
292,仮にその人が本当にバイトだったとしても。,1.0
293,細胞から金を巻き上げ、豪邸に住む志位和夫の独裁も20年になりました?,1.0
294,違反者はどうなるんですか？,1.0
295,謝罪と沈静、そして自浄。,1.0
296,すごく、すごくすごく難しいことだよ、これは。,1.0
297,ネトウヨは本人がなりたくて選択してるので何を言われても本人の責任です。,1.0
298,地方はますます左翼に支配されていく・・,1.0
299,刑務所行きからのクビ離婚からの家族離散上級国民はええなぁ,1.0
300,付け加えるなら…,1.0
301,単なる日本の文化破壊にしか思えません。,1.0
302,議会しっかりしろ！,1.0
303,こんな世の中なのに僕はパチンコで負けて悩んでたんだ。と思いしらされましま。,1.0
304,ってより「フェミニストの化けの皮が剥がれた」かと,1.0
305,今さら反ワクチンなんかの意見聞いてる時点で担当大臣務まんないよね…,1.0
306,私が居た会社は365日24時間対応で問題が有れば即時対応独身者は年末年始GW等の連休の宿直強制参加宿明け後その日の終業時間まで勤務始業時間1時間前までに出勤し、当日の仕事準備,1.0
307,差別と言う言葉で、国民の言論の自由を奪う左翼。,1.0
308,それを言わずに話を違う方向に持っていNHK、すぐに騙される国民。,1.0
309,タバコ臭いし、もはや空気が全然違くて同じエリアでこうも違うのかと衝撃的な年末でした！,1.0
310,コロナだけ陽性者を感染者と呼ぶのは何故ですか？,1.0
311,事故責任なら就職氷河期の人も自己責任ですよね？,1.0
312,上智の８割は知らないが、私大は底辺大学ほど100％に近い「推薦」となる。,1.0
313,決められた金額で遊べば問題ない。,1.0
314,騒音被害。,1.0
315,本当に、本当におっしゃる通りだと思います！,1.0
316,別に。,1.0
317,2うるさいけど、オタクの性欲丸々詰め込んだ作品を公共でも楽しみたいというのはお気持ちじゃないのですかね,1.0
318,身に覚えが無いから異議申し立てしている最中です！,1.0
319,大切な人→元々、誰も友達いない信用、信頼→オオカミ中年なので元々信用も信頼もない借金→大手消費者金融から催促が来たが踏み倒し。,1.0
320,思考停止＆懐古主義,1.0
321,好きで路上生活してる訳じゃない。,1.0
322,G7から真摯に学び、科学的な分析に則り、人の往来再開に向けた道筋を示すべき時だ。,1.0
323,番組で使用した動画があるのだから、実際には何を言ってたのか確認できるだろうし、本人にもう一度取材して真意を確かめれば良いのに。,1.0
324,トルコ難民のクルド人などはその仲間と見て良いかと。,1.0
325,…コロナ騒動のお陰で情報操作するメディアに気付けてある意味よかった。,1.0
326,データーなしで　,1.0
327,子供は国の宝です,1.0
328,「G7で最も厳しい」という成果,1.0
329,日本で一番まともな民放と思われるテレ東の唯一の問題点は、パックンと池上を重用することですね。,1.0
330,誰かが言ったことを鵜呑みにしてるだけなんじゃないの？,1.0
331,打った人は口を揃えて言います。,1.0
332,実際にキャリア形成上の差別事例は身近でも聞いたことがあるし、医学部入試点数問題とかも典型的だな。,1.0
333,人手不足による医療機関のオーバーワークなどが起きないことを願います。,1.0
334,どんな主張も信じるのは自由だけど、その主張を基に他者を攻撃嫌がらせするのは看過できない。,1.0
335,ブースターで何人殺す気なのか・・・確か2月にロックダウン予定でしたね？,1.0
336,間違いなく参議院選挙は危険水域にアメリカも観ている。,1.0
337,パヨクだけがマトモ！,1.0
338,内輪の支持者しかいない番組なんて誰も見ないんだからさ。,1.0
339,手厚くするからラッキー！,1.0
340,ソロスとゲイツが買収した検査会社の方法。,1.0
341,品格は日本人力士にも当然求められていますが？,1.0
342,真の右翼は国民国土国益を守る事を第一に考えるから戦争を回避することを第一とします。,1.0
343,日本は苦しいと言いたいです,1.0
344,反日教育は近隣諸国条項とそれに従う政治家と官僚の影響です。,1.0
345,これに対して経済評論家の渡邉哲也は「人殺し！見捨てるのか？」というスローガンを掲げていた。,1.0
346,これはだれ？,1.0
347,「いじめられっ子が（強力な）反撃手段を持ったとしたら」って事かな,1.0
348,こんな事いうのが、意識高い系の知識人・・・？？。,1.0
349,そういえば、小さい頃に親から「テレビばかり見るとバカになるよ」と言われたっけ。,1.0
350,憲法違反するな～,1.0
351,だからその五輪貴族の実名を挙げてください。,1.0
352,我々日本人は農耕民族。,1.0
353,別に勝利は求めてないかな。,1.0
354,問題はそういう人たちを利用する輩ですね。,1.0
355,次の検査方法はもっと注意が必要です。,1.0
356,何度も繰り返すけど、女性が「女が胸を晒して路上を歩いて何が悪い」というのがフェミニズム。,1.0
357,ディズニーとハリウッドは今もC国に汚染されてるのか,1.0
358,今の日本の衰退の一端は、欧米式の成果主義を中途半端に導入した企業のせい。,1.0
359,余裕で。,1.0
360,「嫌なら見るな、関わるな」,1.0
361,罰を与えろ！,1.0
362,社会生活が煩わしい親族と関わりたくないから世捨てが気楽住所があると、税金や借金の取り立てが来るし、住所は無い方が気楽こんな方々にとっては、生活保護が迷惑だったりしますから、オナニーにならないよう頑張ってください,1.0
363,いや、そんな程度の話じゃないよね。,1.0
364,沖縄や本土に米軍の必要性を感じない、問題は基地に関わり生計を立てている人達の『稼ぎ』だ。,1.0
365,あと、Twitterのアイコンに（自分が作ったものではない）,1.0
366,国民を騙し導く為に、国が金を出して口も出している。,1.0
367,思い込みと偏見による先入観、たいへん失礼いたしました。,1.0
368,何でも海外の動きに合わせる必要はない。,1.0
369,そんなで知名度あげ,1.0
370,キョトン ( '-' )？,1.0
371,まさに漢って感じです。,1.0
372,ゲームやアニメのキャラを使って政治発言してる人もモヤモヤする。,1.0
373,理想とは？,1.0
374,薬害の歴史…10年後とか20年後に認めるのでしょうね、今まで通り拾い物置かせて頂きますお邪魔きました,1.0
375,悪い意味で人間らしくはあります。,1.0
376,だからそういう名前を名乗ってるのですか？,1.0
377,寿命縮めてもいる価値ないと思ったら逃げた方がいいですね,1.0
378,小学生の自殺者が急に出てきたのは、向精神薬漬けにされているからです,1.0
379,「関係ない」って怒ってるやろ。,1.0
380,元より公正な報道とはとても思えなかったので出演してる方々,1.0
381,きっちりとアタマに叩き込んでおこう。,1.0
382,馬鹿な大将は敵より怖いと言いますからね?なら馬鹿な国民は中国より怖いという事になるのかな？,1.0
383,スクショ,1.0
384,個人的にも痛感してます！,1.0
385,報道「する」自由。,1.0
386,&gt;,1.0
387,RT：山本太郎さんの経済政策は本当に正しいのですが、メッセージの出し方に左翼臭が漂うという問題があって、なかなか中道から右側の有権者に理解されないのが、本当に残念で仕方ありません。,1.0
388,知らないの？,1.0
389,こども食堂が増えてる日本、国は何をやっているのか。,1.0
390,まず主語がデカいと言いながら貴方の「ジェンダー問題を叫ぶ女たち」もまた、十分に主語がデカい。,1.0
391,賛成(-o-)/,1.0
392,因果関係認められないって事は否定も出来ないのでは？,1.0
393,そんな事あるの？,1.0
394,本当は貧しくないのに本当に貧しい人に向けた補助金を受給していた自民党員が居ましたね,1.0
395,これは本当に今からでもいいからやめてほしい。,1.0
396,これは司法試験の答案でこう書いても本当に合格できるのだろか？,1.0
397,今日も素敵な１日を,1.0
398,ぼくもその一端を担っていた。,1.0
399,&gt;,1.0
400,この一点に、岸田流鎖国の実像が凝縮されている。,1.0
401,ワクチンパスポートはアプリであるけど普及していない。,1.0
402,「政治的妥当性」に乗っかる日本と日本人が怖いですね。,1.0
403,サブカルチャーとは「まだ権威で箔付けされてない文化」です。,1.0
404,あげよ我々に向けての鼓舞ととらえてもおとなしくなった某野党への鼓舞ととらえても,1.0
405,もし、何かの事件だったらどうするの～？,1.0
406,おかげで日本は、SDGs後進国真っしぐら。,1.0
407,このアカウント（笑）,1.0
408,沈没客船セウォルの船長が、避難させなければならない学生達を見捨て、真っ先に避難してしまったように、韓国人に信義などありません。,1.0
409,男女関わらずアイドルは可愛い者では？,1.0
410,子ども同士の同調圧力を生み出しているのは、大人ですからね,1.0
411,でもアメリカだってトラムプ支持者の愛国趣味の輩は似たようなもんだからなぁー,1.0
412,筋トレしていて力んだ時に首筋をおかしくした事を謝罪します,1.0
413,これ以上社会経済活動を止められたら2年3年後には国中の中小零細企業は大変な局面を迎える事になる！,1.0
414,出せってなに？,1.0
415,法人税における中小企業の税率は軽減されているし、交際費が一部損金算入など中小企業しか使えない特例措置も多い。,1.0
416,地球温暖化を信じてなくて、現代の魔女狩りと言ってた人も打ってます。,1.0
417,間違いなく税金だぜ？,1.0
418,私たちの絶望は、私たちだけの絶望,1.0
419,そもそもなんで夫が元暴力団の人間だと首相の臨時代理順位2位になっちゃいけないんですか？,1.0
420,部署違うからよく知らんけど。,1.0
421,ちゃんと学習指導要領に沿って教えろ,1.0
