,Unnamed: 0,comment_sentence,label
146,17684,それ自分にも刺さらない？,0.0
174,20838,恐怖心煽り社会を混乱させてる。,0.0
116,15181,何回同じような事言ってるんですか,0.0
99,12883,自己紹介,0.0
338,34139,#きっこ左翼の言葉の汚さ。,0.0
535,113,「本当は『俺が好きなものを批判するな』しか考えてないのに、それを堂々と言わずにもっと大きな概念を守ろうとしてるフリをする」,1.0
190,23810,貴方個人の感想、ワガママでディストピア作られちゃかなわんよ。,0.0
554,132,稚拙ですねぇ笑,1.0
47,2629,このプロフィールから滲み出る頭の悪さよ,0.0
685,263,愛国者の定義を変えなければいけないね。,1.0
176,21471,最も信用できないのが岩田である。,0.0
785,363,いや、そんな程度の話じゃないよね。,1.0
34,2293,じゃあ日本からでてけば？,0.0
746,324,トルコ難民のクルド人などはその仲間と見て良いかと。,1.0
679,257,自分の都合でずる賢く周りの顔色を窺い自説を曲げる奴は腹の底でいつ裏切るか分からない,1.0
107,13006,まけいぬよ哀れなオッサン,0.0
598,176,ほんそれ。,1.0
356,34202,人生を勝ち負けと言ってる時点で薄っぺらなんだよ,0.0
317,34051,まるっきり反対派の主張内容を脳内で生成してるっぽくて、このあたりは表自だとかと共通する妄想系が多いね。,0.0
161,19163,むろん「何故GDPはこの30年日本だけが伸びないのか」みたいな話すら出来ない。,0.0
499,77,これで終わりにするつもり？…と感じました。,1.0
184,22707,お里が知れますね。,0.0
213,29661,日本語の勉強からし直しておいで,0.0
96,11597,現実を見てどーぞ,0.0
188,23557,個人的にくそなんちゃんらとかって言う言い回しが大嫌いです。,0.0
369,34259,誰も共感しないのがなぜか？を考えたことがありますか？,0.0
234,33683,なぜ彼が女性にモテなくて辛い人生を送っているのかというと、女性が悪いのではなく彼が彼だからに他ならない,0.0
528,106,と言うかその手の人間てホントに読んでるのかも割と疑問な気が(笑),1.0
149,17697,だとしたら貴方には人として大事なものが欠けてますね。,0.0
653,231,多文化共生ってしなくてはいけないのですか？,1.0
296,33967,借金いくらあるの？ねぇ,0.0
360,34234,品の無いタグやのぅ,0.0
790,368,何でも海外の動きに合わせる必要はない。,1.0
810,388,知らないの？,1.0
747,325,…コロナ騒動のお陰で情報操作するメディアに気付けてある意味よかった。,1.0
774,352,我々日本人は農耕民族。,1.0
816,394,本当は貧しくないのに本当に貧しい人に向けた補助金を受給していた自民党員が居ましたね,1.0
621,199,②仕事以外のコミュニティに入る。,1.0
187,23556,投資会のシバターみたいで嫌いです。,0.0
41,2338,『戦いになると抵抗出来ず『差別主義者！』と叫んで逃げるしか脳のない女性』を体現してるだけやないの。,0.0
563,141,凍結されたよ！,1.0
749,327,子供は国の宝です,1.0
725,303,こんな世の中なのに僕はパチンコで負けて悩んでたんだ。と思いしらされましま。,1.0
207,26227,メディアが現実に与える影響を一緒くたにするなバカ,0.0
588,166,ボロクソに言う世間に何の矛盾も感じることなく胡座をかいているのが太田。,1.0
302,34000,事勿れ外交を繰り返し国益を損ない続けた人物がどの口で？,0.0
531,109,お金を稼ぐ目的の1つです,1.0
352,34189,そんなわけ無いだろ笑,0.0
343,34149,だから根拠なく根拠なくって、根拠なくという根拠を述べてみてくれ。,0.0
719,297,ネトウヨは本人がなりたくて選択してるので何を言われても本人の責任です。,1.0
405,34352,お前みたいなおぱよさんでもまともな職にありつけてる事に感謝すべきでは？,0.0
69,9821,本を読んだから賢い！なんて考え方が子供過ぎる（笑）,0.0
671,249,それは簡単です。,1.0
634,212,気づいてないのはどっちw,1.0
9,1010,ネトウヨ究めてんなー,0.0
389,34296,？,0.0
735,313,決められた金額で遊べば問題ない。,1.0
68,7856,公文書改竄を推奨しろって事脳ミソ沸騰しとる,0.0
660,238,貧困は不治の病だって。,1.0
736,314,騒音被害。,1.0
772,350,憲法違反するな～,1.0
651,229,「お互い様」とは、よく言ったもので。,1.0
265,33853,田母神氏の、この ↓ ツイートの意味がわからない。,0.0
766,344,反日教育は近隣諸国条項とそれに従う政治家と官僚の影響です。,1.0
486,64,もう帰っていいんじゃない？,1.0
510,88,昔の戦国武将や大名だって新しい文化に手を出せば今で言うオタクですよね？,1.0
715,293,細胞から金を巻き上げ、豪邸に住む志位和夫の独裁も20年になりました?,1.0
737,315,本当に、本当におっしゃる通りだと思います！,1.0
311,34016,ウソつくな。,0.0
298,33986,雑な誘導は逆効果です。,0.0
214,29941,自分が理解出来ないから認めないなら「多様性」を理解してない。,0.0
674,252,私立ならいじめを受けないだろうという謎の価値観。,1.0
478,56,私もそう思います！,1.0
618,196,男をそういう見方しかしてないと。,1.0
429,7,こんな条例に自分の家のことに口出しされたくないわ！,1.0
7,908,ソースは？,0.0
406,34353,何を言ってんだ？,0.0
633,211,必要だったのは聞いてくれる人とそこから離れる時一緒に居てくれる人。,1.0
835,413,これ以上社会経済活動を止められたら2年3年後には国中の中小零細企業は大変な局面を迎える事になる！,1.0
688,266,orzそれが事実なら、日本みたいに米国でも人気のない夜道を女性1人で歩いたり、子供1人で通学させたりしてるんですかね…,1.0
101,12885,君の発言全て胡散臭いけどな。,0.0
33,2292,こういうコントは面白いんだけどな時々ライン越えの発言するからな,0.0
183,22308,理屈が分からん,0.0
542,120,まさか私の親族以外は女性差別してると思ってますか？,1.0
17,1277,まぁ女叩きしてる時点でもてねえわな,0.0
102,12933,キッショ,0.0
669,247,仰る通りです。,1.0
461,39,表現を規制する方向ではなく、正しい情報を別に発信する方法が妥当だと考えます。,1.0
288,33958,ギャンブルの為の口座やアプリを勧める人が言える発言ではありませんよ,0.0
390,34311,このツイートは事実に基づくものなの？,0.0
209,26246,論点がおかしいですよ。,0.0
13,1051,中身ー無しさん,0.0
434,12,まぁ、それも嫌だけど。,1.0
741,319,大切な人→元々、誰も友達いない信用、信頼→オオカミ中年なので元々信用も信頼もない借金→大手消費者金融から催促が来たが踏み倒し。,1.0
770,348,こんな事いうのが、意識高い系の知識人・・・？？。,1.0
578,156,大日本帝国の極悪時代があるでしょう。,1.0
357,34204,大丈夫かこいつ頭がお悪くいらっしゃる、、,0.0
522,100,勝手な妄想でそれらしく言い募っているだけ。,1.0
612,190,そうでも無い気がします。,1.0
118,15228,何もしなかったあなたのせいでしょうが！,0.0
697,275,名目は平等を掲げているのに、やっている事は自分の価値観の押し付け、自分さえ良ければいいという利己主義でしかないんだから。,1.0
189,23617,言うだけだったら誰でも出来んだぜ行動に移しな,0.0
227,33410,ばかばっかり,0.0
724,302,議会しっかりしろ！,1.0
44,2412,馬鹿ばっかです。,0.0
831,409,男女関わらずアイドルは可愛い者では？,1.0
270,33861,人並み以上に納税してるのか？,0.0
453,31,努力はムダにはならない。,1.0
322,34061,仮定が良くわからないな…,0.0
321,34058,こんないい加減な記事で惑わされる時点でありえないと思います。,0.0
211,29231,乱暴なことばね。。。,0.0
641,219,社会人になりコミュニティが限定されてます。,1.0
824,402,「政治的妥当性」に乗っかる日本と日本人が怖いですね。,1.0
479,57,「自分は勇ましく戦う戦士！」のような「イメージ」即ち虚像にだけ溺れている人達「他人にそういうイメージで見てもらわないとヒステリーを起こす」（自分の矮小な正体がバレたと思うからだろう）,1.0
310,34015,なるほど、そう信じたいんですね,0.0
24,2017,渡辺弁護士の鼻がスケベっぽくてエロいから隠しとけとか言われたら反発するだろ？,0.0
743,321,好きで路上生活してる訳じゃない。,1.0
238,33723,(´・ω・`)?,0.0
692,270,左派共に政治信条の押し付け合いなんだなぁって実感するわ。,1.0
225,32866,というかほぼ間違ってる香西君が触れていい内容じゃないぞ。,0.0
676,254,とてもじゃないけど「別姓じゃないと困ってる」人には見えない。,1.0
269,33857,いつもいつも日本のやることに対して悪口、文句ばかりを言っている。,0.0
705,283,え？,1.0
656,234,これに尽きるのよね。,1.0
4,736,それも言い過ぎだろう。,0.0
481,59,果たしてそんな人間は存在するのか？,1.0
611,189,「イヤなら観るな」で終了案件じゃねぇかいつまで我儘言ってるんだ？,1.0
666,244,字幕とアナウンスだけで、えっ？,1.0
136,16330,ウソつくなや,0.0
77,11337,極左の破壊活動でしかない！,0.0
244,33740,発言が無責任過ぎます。,0.0
672,250,おはようございます,1.0
186,23475,政治ではどんな主張も構わないと思うが、正しくない事実に基づいてはいけない。,0.0
333,34130,全体主義思考の異邦人に言われたくない。,0.0
10,1013,本当生産性のない奴らw,0.0
463,41,なんで1番の重要なポイントで逃げるかな。,1.0
545,123,そして、同時に逃げ口上を必死に考えているはずです,1.0
648,226,ゲーマー的に言えば、世界規模でリアル人狼ゲームの真っ最中です。,1.0
458,36,僕は僕の判断で打ちません。,1.0
629,207,でもこれ人種や性別などに忖度して数値弄って判定し出したら全く意味の無いAI分析になると思うんだけど、そんな判定に意味あるのかな？,1.0
246,33748,駄文を長々と列ねても結局「ボクちゃんはアニメや漫画が嫌いなんでちゅ～」の一言で済むのだから中身など全く無し。,0.0
426,4,勇気いりますよね！,1.0
22,1747,ウクライナみたいに回避できない状況もあるのを想定してない時点でクソ,0.0
508,86,政治をサボっているなら話は別だが、政治家は政治家である前に人間でなくてはなりません。,1.0
491,69,あと、コストしか見ないアホ経営者が悪い。,1.0
233,33681,論理的に破綻！,0.0
166,19976,ネトウヨ。,0.0
74,11334,お前らヒステリック・フェミによる極めて醜悪かつ傲慢な差別行為を止めさせるのが望み。,0.0
71,9924,ピンボケな見解だな。,0.0
11,1031,見ている範囲が狭すぎるんじゃないですか？,0.0
619,197,もし「性欲がある全ての人間は性犯罪者予備軍である」と言うのなら、その理屈は合っている。,1.0
318,34054,お前見たいな事を、言う奴が居るから、更に感染者が増えんだろ(＃｀皿´),0.0
393,34327,あんたら「獣臭い博多ラーメンはすべて禁止して、マイルドな味だけにしろ」と言うから嫌われとるんやで？,0.0
224,32849,香西さんのツイートは「不確かな内容」いっぱいですよw,0.0
412,34364,という胡散臭い主張,0.0
255,33788,そんなことは中２でも言える。,0.0
123,16141,ほーら始まった、何にもわかってないくせにわかったフリするようなやつ。,0.0
45,2615,だから説得力も皆無。,0.0
647,225,mTちゃん無糖さん,1.0
261,33815,早く垢消せ,0.0
316,34049,心だけではなく脳ミソもないか足りなくなってしまってるようですね。,0.0
555,133,修正されてませんよ？,1.0
739,317,2うるさいけど、オタクの性欲丸々詰め込んだ作品を公共でも楽しみたいというのはお気持ちじゃないのですかね,1.0
230,33661,こんなことを真顔で言われた日には、笑い堪えるのに必死になってしまうわ。,0.0
86,11365,何処の世界線の方ですか？,0.0
67,7581,こんなところでも歴史改竄運動…,0.0
524,102,おはよう御座います。,1.0
452,30,#拡散希望RTお願いします,1.0
805,383,スクショ,1.0
748,326,データーなしで　,1.0
249,33754,何か問題があるんですか？,0.0
511,89,オミクロンよりも、煽ってくる自称専門家や芸能人の方が怖いんですが…,1.0
591,169,自分は豊かになりたい、でも気に入らないあいつは貧しくなってほしい。,1.0
539,117,足りない倫理観をまともな人が補わなければなりません。,1.0
112,15121,全く触れずにこんな糞みたいな煽りツイートか,0.0
626,204,そして俺にとって都合の良い社会になれ！というのがぶっちゃけ維新の原動力であり、Twitterにはそこら中に落ちているもの。,1.0
300,33992,恥かくだけだからやめとけ,0.0
823,401,ワクチンパスポートはアプリであるけど普及していない。,1.0
167,19989,笑いすぎてお腹が痛い,0.0
622,200,一回まずは現場にいってみようね,1.0
78,11338,#ヒステリック・フェミ,0.0
717,295,謝罪と沈静、そして自浄。,1.0
488,66,この中学生は簡単に詐欺にかかりそうで怖いな。,1.0
170,20801,議員が「バイオテロ」を公に発言。,0.0
551,129,私も始まりだと思ってます。,1.0
625,203,いわゆる「統計的差別」問題ですね。,1.0
27,2282,大丈夫？,0.0
623,201,は？,1.0
784,362,社会生活が煩わしい親族と関わりたくないから世捨てが気楽住所があると、税金や借金の取り立てが来るし、住所は無い方が気楽こんな方々にとっては、生活保護が迷惑だったりしますから、オナニーにならないよう頑張ってください,1.0
293,33964,そんな事より約束守ろうね出来ない守れない約束をするから嘘つき言われるんだよ,0.0
553,131,ここまで対策を徹底してるからこの程度で済んでるとも言えます。,1.0
385,34290,こんなツイートしてどうなるか理解できないなんて、馬鹿ですね。,0.0
375,34265,先ずはそれをやってから文句言えよなw,0.0
472,50,で、中共はその金で日本侵略を企ててる…と…何だそれ？,1.0
193,23853,決め付けもここまで来ると清々しいもんだな。,0.0
222,31941,理屈を言うが理屈が解らない,0.0
454,32,イギリスに住んでいて、去年との差は重症者より感染による濃厚接触者が増加、そして自宅待機からの労働力低下し、インフラが圧迫されている印象があります。,1.0
397,34332,多方面に喧嘩を売る天才を見つけた。,0.0
387,34292,自分の考えと違う人を罵倒するのは自信がない裏付けですよ。,0.0
447,25,デモへの誤解や悪い先入観を撒き散らし植え付けた影響は計り知れない。,1.0
646,224,お3方はじめそのフォロワーさんたちがいる限り、まだ希望はあると思います。,1.0
552,130,本を読んで、成長するのは知能の内の極一部分だけだから、それだけで人としてどちらが知的に成長してるかなんで分からないですよ,1.0
113,15122,捏造動画作って収益あげる奴が言うのはおかしいのでは(笑),0.0
391,34312,事実と異なっているというソースは？,0.0
703,281,何をもって右翼、左翼なのか、歴史や国によってバラバラです。,1.0
89,11382,歴史修正主義者か,0.0
110,14833,何もできずに日本を沈没直前まで追い込んだ左翼民主党政権を信奉するような連中が何を言っても説得力は皆無。,0.0
566,144,客観的に観てると「（自分の）まわり全員が迷惑してんだよ！,1.0
401,34336,まーた歴史修正かどんだけ嘘つくねん,0.0
180,21977,見たくねえならTwitterやめろよ！,0.0
169,20789,違和感ある発言。,0.0
191,23811,オタク嫌いって偏見とかもう見飽きたわ。,0.0
6,834,あたま大丈夫なのかしら、と。,0.0
330,34101,お前は馬鹿か？,0.0
199,23878,「ようなもの」よって事実ではない単なる感想であるQ.E.D,0.0
414,34378,あっー高専差別…？,0.0
592,170,太田は頭が悪いくせに、知ったかぶり、あんなんで芸人なんて、干されなきゃわからないのよ。,1.0
155,18612,日本語おかしくないかい？,0.0
404,34346,文明人としてのスタートラインに立ってから発言してほしいものですが、このように非人道的になってしまうのも完全なる自己責任とは言えません。,0.0
471,49,子供がかわいそうでならない。,1.0
556,134,バカな人間は。,1.0
837,415,法人税における中小企業の税率は軽減されているし、交際費が一部損金算入など中小企業しか使えない特例措置も多い。,1.0
597,175,そうじゃない人のほうがたくさんいます。,1.0
151,18171,倒閣に加担してたんだろ。,0.0
156,18623,オマケにデマ流すな？,0.0
358,34222,黙れ小僧笑笑,0.0
88,11367,恥を知れと言いたい。,0.0
103,12934,単に自分が嫌いな反発を並べただけですよね。,0.0
58,5170,ただの学歴コンプレックスっぽいw,0.0
582,160,何してもいいんやなぁ,1.0
91,11395,社会に文句をいうだけの存在でなく、きちんと社会に貢献するまともな人間になりましょうね。,0.0
655,233,マイラーズさん、応援しております,1.0
411,34363,あなたが一番胡散臭いです,0.0
349,34161,＞変わらんくらい根拠ねぇなんかそういうデータあるんですか？,0.0
344,34150,やんわり現代のオタクをdisる,0.0
604,182,いや、若い人より高齢者の方がお金持ってるの当たり前だと思う。,1.0
319,34055,物事を見極められないコロナ過剰議員は今すぐ辞めてくれ,0.0
178,21473,この人、注目されたいかまってちゃんなのに、文化的教養が低すぎて哀れ。,0.0
314,34032,現状を変えたいとは思わない人達に向かって、現状を変えたい側が「内容を知れ、理解しろ、自分で調べろ」って随分高飛車。,0.0
364,34246,嫌なら外国行きな。,0.0
295,33966,お前は無理だからさぁ、人に迷惑かける動画だけはやめたら？,0.0
738,316,別に。,1.0
519,97,キチガイ！！,1.0
15,1263,あんたが「存在するだけで嫌われ警戒される」,0.0
476,54,汚染水と処理水は違うものだから、あるものはあるとかの問題じゃない。,1.0
20,1289,嫌われてるのはあんたらインセルやキモモタだけ。,0.0
111,15119,なんかさ、君は金銭欲や自己顕示欲が強すぎて周りの人間やサラブレッドに対しての愛が感じられないんだよね。,0.0
451,29,オタク（の男）になら何言っても糾弾しない。,1.0
312,34026,またデマ流してるーくっだらない動画ばっか見てないでたまには正しい情報も見ましょうね,0.0
698,276,しかし、少なくとも第2次安倍政権以降の自民党は完全に狂ってる。,1.0
179,21474,この人以前も似たようなこといっていて、尚且つ指摘されていてそれでまた繰り返しているのだからただただ不誠実としかいえない。,0.0
642,220,出たよ,1.0
673,251,遠い隣人のままでいきましょう。,1.0
31,2289,モラルがねぇからたたかれてんだろ？,0.0
124,16142,あんたみたいなのがいるから「娘」という属性は一生辛いまんまなんだよ。,0.0
529,107,すももさんが｢ガシマンはダメ｣って思い込んでるのだってメディアやSNSの影響なんじゃないの？,1.0
509,87,そんな学歴を気にするなら卒業証書とか身分証で確認すればいいのにね。,1.0
662,240,あ、打ってか？,1.0
733,311,事故責任なら就職氷河期の人も自己責任ですよね？,1.0
525,103,拡散しなくっちゃ,1.0
130,16301,具体的根拠を示せよ！,0.0
320,34056,残念だけどその記事は死ぬほどいい加減で嘘っぱち何が言いたいのかさっぱり分からない,0.0
297,33981,「女性であるが故に不利益を受けたり生きづらさを感じさせられたりすることのない社会を実現しなければ」という部分は大賛成だが、このツイートはちょっと...。,0.0
617,195,これを取り締まるのが旧態依然とした男性社会とけいさつ。,1.0
122,16128,あなたみたいな男ばっかりだから娘さんはこれから辛い思いをするでしょうね。,0.0
346,34154,何でそうなる？,0.0
830,408,沈没客船セウォルの船長が、避難させなければならない学生達を見捨て、真っ先に避難してしまったように、韓国人に信義などありません。,1.0
485,63,お金もかからず簡単なのでぜひ。,1.0
521,99,シュン社長！,1.0
595,173,昔々の太古から馬鹿な愚民が圧倒的多数だったわけで、ガリレオさんの気持ちがわからないでもないです。,1.0
440,18,そう思う時有るよ。,1.0
90,11394,みじめな人生だからと言って、加害者のくせに被害者気取りで世の中に甘えるのもいい加減にしましょう。,0.0
796,374,薬害の歴史…10年後とか20年後に認めるのでしょうね、今まで通り拾い物置かせて頂きますお邪魔きました,1.0
239,33727,あなたはそもそも胡散臭いのなんとかした方がいいっすよ、と思ってます。,0.0
794,372,ゲームやアニメのキャラを使って政治発言してる人もモヤモヤする。,1.0
49,2640,君はそろそろおたくから卒業したほうがいいんじゃないか？,0.0
537,115,「米国と協力して憎き中国に制裁を！」と叫び、米軍基地に反対する市民をプロ市民と揶揄するウヨ様達。,1.0
248,33750,バカじゃねぇの。,0.0
800,378,小学生の自殺者が急に出てきたのは、向精神薬漬けにされているからです,1.0
557,135,結局、これが今の日本の民度なんですよ。,1.0
477,55,3～5分に…,1.0
684,262,経験談でいうと、目先の欲望を我慢できない、快楽が手に入ったら後の事はどうでも良くなってしまうんですよ。,1.0
839,417,間違いなく税金だぜ？,1.0
160,18983,ん？？？？？,0.0
445,23,日本語で「証拠」です。,1.0
271,33870,ある界隈の人たちって、「本当に」だの「真の」だのが大好きなのですね…,0.0
659,237,米軍だけでなく、日本人の帰国者がオミクロンをばら撒いた！,1.0
460,38,コイツはリプすら読んでませんよ,1.0
711,289,3億の損害賠償貰ったとして,1.0
19,1284,脳みそがゲシュタルト崩壊！,0.0
280,33925,ムカつくな。,0.0
546,124,社会性がなくなる前に,1.0
370,34260,酔っ払ってるのか？,0.0
283,33938,単に負け犬の遠吠えやん。,0.0
245,33747,こうした責任感の欠片も存在しない戯れ言吐く輩が相手に責任感を求めるなど笑止千万。,0.0
720,298,地方はますます左翼に支配されていく・・,1.0
208,26245,だから？,0.0
755,333,人手不足による医療機関のオーバーワークなどが起きないことを願います。,1.0
115,15180,ストマックさんは、下手すぎます,0.0
217,31083,何ら根拠ないですね,0.0
600,178,もう滅茶苦茶だ12歳からやってるのだけでも、もうこんな社会にいたくないのに,1.0
465,43,米兵は永久的に日本の飲食店利用禁止。,1.0
449,27,逆にウマ娘足出してるだけで　,1.0
742,320,思考停止＆懐古主義,1.0
480,58,発症時期や病前の社会適応、知的能力、発達特性、見込まれる支援などなど、得られる情報は沢山あり、診察時に共有できる話題が見つかることも。,1.0
220,31135,寝言？,0.0
543,121,コロナだー,1.0
670,248,その柔らかな言葉で、製薬会社は、その後遺症に対する治療薬も売れるとか考えてたりして。,1.0
83,11352,また嘘つくんですか？,0.0
630,208,今私立大学では「推薦入試」の名の下に、定員を満たすことに血道を上げている。,1.0
326,34092,そのような判断の責任を相手に転嫁していますが、あなたは戦争をした上での責任を取ることは出来ませんよね？,0.0
277,33915,あんたのフォローで中国の悪口を言ってるヤツがいる！,0.0
607,185,あ、それならオイラも現役いけます,1.0
693,271,何がおこつたの？,1.0
361,34237,ん～取り敢えず日本語大丈夫？,0.0
584,162,好きなものを無茶苦茶な理由で批判されて存在まで「犯罪につながる」とまで言われたら、そりゃ普通怒りますよね？,1.0
127,16278,勝手に日本人て言葉を出さないで下さい。,0.0
807,385,報道「する」自由。,1.0
62,5774,そんなこともわからんのか。,0.0
104,12957,コイツが一番めんどくさい定期,0.0
40,2309,長えんだよ妄想が。,0.0
363,34243,多くの外国人力士がいて横綱にもなっている自分の思い込みだけで印象操作、あなた自身が一番品格がないですね,0.0
93,11581,子孫達のためにもちゃんと頭で考えてくれ。,0.0
490,68,残念ながら日本の有権者の多くはそんな事何一つ理解していません。,1.0
550,128,それが出来ないから｢,1.0
159,18967,かわいそうな人達です。,0.0
348,34159,あなたのアジテーター活動のコストパフォーマンスはかなり低そう。,0.0
540,118,いつもまだまだって思わせてくれる,1.0
760,338,内輪の支持者しかいない番組なんて誰も見ないんだからさ。,1.0
54,4714,本気で言ってるのでしょうか。,0.0
699,277,反ワク、自分が嫌なら打たなきゃいいだけなのに相手の高学歴を持ち出して腐すのが意味不明。,1.0
500,78,先の衆議院選挙の結果には暗澹としました。,1.0
416,34413,経験も知識も経済力もない似非フェミが自分のお気持ちを会社にクレームとして喚き散らしている。,0.0
518,96,向こうは軽い身体障害ではあるものの、顔は可愛いし、短大を卒業、転職を繰り返しましたが今はそこそこ高給取り。,1.0
608,186,多数決は正しいとは限らないのをご存知ない？,1.0
386,34291,違う意見を受けられないのは唯我独尊で最も危険なことです,0.0
493,71,うちのまえの施設がそうですね,1.0
821,399,&gt;,1.0
818,396,これは司法試験の答案でこう書いても本当に合格できるのだろか？,1.0
576,154,解釈の仕方で変わりますよね。,1.0
272,33871,？,0.0
428,6,挙句の果てに、今朝ニュース番組で「mRNAは危険というデマがSNSで拡散されている」との報道が。,1.0
327,34094,こんな会話ありえないし、しても意味がない。,0.0
494,72,性欲を食欲に置き換えれば理解できるかな？,1.0
148,17687,自己紹介か？,0.0
291,33961,結論、人のせいにすな?,0.0
164,19973,屁理屈言うなネトウヨ。,0.0
498,76,多くの方にその内容を知って下さい。,1.0
565,143,「経済大国」を標榜するのなら国民の実態もそれに合っていなければおかしいですよね！,1.0
709,287,立憲民主主義の国である以上、当たり前のことだ。,1.0
561,139,学校ではよく使われちゃう気がしますね。,1.0
745,323,番組で使用した動画があるのだから、実際には何を言ってたのか確認できるだろうし、本人にもう一度取材して真意を確かめれば良いのに。,1.0
204,25650,そんな中で、方法論が優れているから自民党が優れてるとか、何の冗談だよ。,0.0
783,361,罰を与えろ！,1.0
474,52,いくら説明しても無理それは既に治療が必要な洗脳されてる脳みそだと思います,1.0
290,33960,朝から何言ってんの？,0.0
396,34331,15年くらい認識が遅れてる。,0.0
438,16,ネトウヨが差別用語？,1.0
273,33872,何を仰りたいのか、よくわかりません。,0.0
793,371,まさに漢って感じです。,1.0
55,4722,あなたは犯罪者です！,0.0
558,136,ロンドンで、タリバンの宣伝聞くより「虎８ニュース」の方に切り替えたら・・須賀川さん・・？,1.0
579,157,どうかご自分を責めないでください,1.0
718,296,すごく、すごくすごく難しいことだよ、これは。,1.0
843,421,ちゃんと学習指導要領に沿って教えろ,1.0
799,377,寿命縮めてもいる価値ないと思ったら逃げた方がいいですね,1.0
212,29232,タグの口調が気に入らないね,0.0
196,23873,古のオタク。,0.0
654,232,普通に臭いから止めてくれですむ話だろうになぁ,1.0
773,351,だからその五輪貴族の実名を挙げてください。,1.0
811,389,こども食堂が増えてる日本、国は何をやっているのか。,1.0
315,34035,公共の場で他人を非難しておいて、自分達の発言にさえ向き合えない、責任さえ反故にするような左翼勢力とはそんな馬鹿げた連中の集まりなのか話にならん,0.0
372,34262,数字は嘘をつかないが嘘つきは数字を使う,0.0
377,34273,あなたはヒトラーか？？？,0.0
37,2297,そりゃ奇声上げながら斧振り回してるのが見えてたら通報されるわ常識考えろ常識を,0.0
218,31108,差別者 であることを自覚してください。,0.0
339,34140,シツコサでは「きっこ」の方が200％しつこいのに本人だけが気が付かない認知症加減が草,0.0
194,23854,普段、根拠やデータを気にしてないからこう受け止めちゃうんでしょうね,0.0
282,33933,なんで海乱鬼って年中イキり散らしているわりには、物の考え方がこんなに弱々しいのだろうな。,0.0
798,376,だからそういう名前を名乗ってるのですか？,1.0
384,34289,左翼と同じ煽り。,0.0
628,206,日本は天国。,1.0
247,33749,お　ま　え　が　い　う　な,0.0
423,1,だって「ダメなことはダメって言う」,1.0
789,367,思い込みと偏見による先入観、たいへん失礼いたしました。,1.0
812,390,まず主語がデカいと言いながら貴方の「ジェンダー問題を叫ぶ女たち」もまた、十分に主語がデカい。,1.0
65,7453,その実例を挙げて説明されたい。,0.0
527,105,「投資はギャンブル」って投資に無知な人のセリフですよね。,1.0
121,16126,正直一つ前のツイートの一行目からギョッとしたけど、まぁ男なんてこんなもんだよな。,0.0
815,393,そんな事あるの？,1.0
781,359,余裕で。,1.0
817,395,これは本当に今からでもいいからやめてほしい。,1.0
813,391,賛成(-o-)/,1.0
605,183,仰る通りです。,1.0
677,255,さすが多摩湖ナルコレプシー(@tamako_han)さんが、フェミニズムの細い細い糸を繋いでおられます。,1.0
489,67,いいわけはいいから絞首刑にして欲しい。,1.0
544,122,「悪いことしない人」は「悪いことする人」や「悪いことする人を見て見ぬふりする人」から外れた「弱いもの」になって「弱いものいじめ」されるもの。,1.0
780,358,今の日本の衰退の一端は、欧米式の成果主義を中途半端に導入した企業のせい。,1.0
686,264,その人の体とその人の人生なので。,1.0
594,172,ある創作物で世の中全ての人の尊厳が傷つくならともかく世に出てるものは受け手によって創作物への評価が分かれるものだろ。,1.0
507,85,反コロナワクチンのわたしでも、牛乳の件（そもそも悪玉論的なやつとか・政府がごり押しとか？）はついていけない。,1.0
439,17,法律作って掠め取る、きたない放送局め。,1.0
48,2638,ちょっと意味不明すぎて話が見えませんね。,0.0
702,280,ふむ…＞,1.0
750,328,「G7で最も厳しい」という成果,1.0
514,92,実情がバレるまでポルポトを擁護したり文革を礼賛してた連中と同根でしょうねえ・・・,1.0
263,33848,だから何？,0.0
723,301,単なる日本の文化破壊にしか思えません。,1.0
761,339,手厚くするからラッキー！,1.0
822,400,この一点に、岸田流鎖国の実像が凝縮されている。,1.0
308,34008,貴女の屁理屈だと､お父様は女性差別をしたんだよ｡,0.0
751,329,日本で一番まともな民放と思われるテレ東の唯一の問題点は、パックンと池上を重用することですね。,1.0
157,18625,それとも、もしかして、貴方、日本語が母国語ではない外国の方ですか？,0.0
792,370,キョトン ( '-' )？,1.0
415,34397,さすがネトウヨと言いたくなるくらいおバカさんだな。,0.0
126,16276,日本語わかりますか？,0.0
351,34181,皇太子時代の上皇陛下をディスっているのでしょうか？,0.0
70,9910,つーかお前の方が遥かに胡散臭いわ(嘲),0.0
691,269,下層階級も知らないんだよ。,1.0
418,34417,いいえ、このような著作や講演会をされている時点で全く説得力ないです。,0.0
301,33999,どう考えても今の発言は差別です。,0.0
12,1049,たったの一行で全部間違ってて草,0.0
28,2283,フェミニズムをおかしな宗教みたいにした連中のうちの一人が何言ってんだろう？,0.0
173,20827,このツイートは絶望感に間違い。,0.0
840,418,私たちの絶望は、私たちだけの絶望,1.0
841,419,そもそもなんで夫が元暴力団の人間だと首相の臨時代理順位2位になっちゃいけないんですか？,1.0
257,33809,「歴史修正主義者は嫌い」って書いてあるから自分の事嫌いなんだね,0.0
100,12884,アンタの方が胡散臭い,0.0
762,340,ソロスとゲイツが買収した検査会社の方法。,1.0
771,349,そういえば、小さい頃に親から「テレビばかり見るとバカになるよ」と言われたっけ。,1.0
98,12882,あなた方の大好きな差別、反日活動の邪魔になるとはいえ、言葉は選ぶことです,0.0
2,697,キミが更迭だな。,0.0
675,253,いや今年大問題なのは給湯器でしょうよ...,1.0
120,16001,クソオス,0.0
362,34241,いちゃもんつけるネタがついに大相撲にまで及んできましたね、そんなにあなたの周りのことがあなたの思い通りになる事はありえないんですよ。,0.0
767,345,これに対して経済評論家の渡邉哲也は「人殺し！見捨てるのか？」というスローガンを掲げていた。,1.0
105,12958,おお…まるでレイシストだな。,0.0
644,222,僕はタバコ大嫌いだよ,1.0
442,20,ﾅﾆｶﾞﾜﾙｲﾉｶ,1.0
87,11366,ご覧の皆さんに注釈を残すと、この発言内容はデマです。,0.0
444,22,そして、フェミニズムは皆がどう捉えようが優しさをもって寄り添うでしょう。,1.0
243,33738,私にはサッパリわかりません。,0.0
431,9,むしろ、日本共産党でさえリベラルに傾いていると思うけどね。,1.0
573,151,ほんとたくさんの学びをありがとうございました,1.0
636,214,年の瀬に、誰しもが思ってる事をツイートする？,1.0
435,13,太陽光発電、風力発電だけでは無理だな。,1.0
216,30085,この様な、印象操作は如何なものかと思います,0.0
276,33901,ほんとやかましい。,0.0
704,282,れいわ新選組は「ピンクの共産党」という別名があるようですがその通りだと思います。,1.0
775,353,別に勝利は求めてないかな。,1.0
413,34366,さすがにご冗談ですよね？,0.0
417,34414,本気で言ってるん？,0.0
345,34151,ハッシュタグなんて哲ちゃんにはまだ無理だからおとなしくしてなさい,0.0
35,2294,このクズ,0.0
504,82,婚姻中に築いた財産は、夫婦の共有財産で、婚姻関係がいつからなのかが重要であって、名字は無関係。,1.0
8,934,バカなのか？,0.0
137,16331,寝言は寝てry,0.0
134,16328,は？,0.0
242,33736,共感してくれる人としか話したく無いと言う事なんだろうけど、何かを発信したい人なの？,0.0
267,33855,こういうこと言う人、戦後の経済を支えてきた人の気持ちなんて理解しようともしてないんだろうな。,0.0
569,147,こういう人こそ最弱オミクロンへの過剰な対策による経済疲弊を批判してほしいね。,1.0
329,34100,バイオテロとは言い過ぎです,0.0
195,23857,有効な反論が出来ないから性犯罪予備軍などとレッテル貼って話をずらそうとしてるんですね,0.0
258,33810,ねえ、もう少し勉強してから、考えてからツイートしない？,0.0
108,13148,夢はオフトゥンの中でどうぞ,0.0
778,356,何度も繰り返すけど、女性が「女が胸を晒して路上を歩いて何が悪い」というのがフェミニズム。,1.0
285,33953,おんなじような事を年中呟いてるけど、要はボキャ貧なんだなw,0.0
589,167,米日が関係してるなどという話はありませんね。,1.0
46,2618,具体的にどういった問題が起こるのか提示も出来ないなら、お前も幼稚であることに変わりがないのだから、自分で言っていることを体現しているとしか言えないと思うんだが…。,0.0
256,33799,お前が、賢さと無縁で学歴コンプだというのは、よくわかった。,0.0
303,34003,根拠ない邪推でワロタｗ,0.0
803,381,きっちりとアタマに叩き込んでおこう。,1.0
464,42,単に攻撃を受けているのがそちらだから全力で守ってるだけ。,1.0
43,2380,人として筋を通すことから始めた方がいいと思う。,0.0
72,10405,0点,0.0
376,34266,真剣にとりくむ人はこんな方向性不明の書き方はしない。,0.0
560,138,いつも情報をありがとうございます,1.0
779,357,ディズニーとハリウッドは今もC国に汚染されてるのか,1.0
726,304,ってより「フェミニストの化けの皮が剥がれた」かと,1.0
667,245,伝統と言うか因習ね。,1.0
462,40,ほっとけば勝手に積み立ててくれるのに。,1.0
473,51,これを反貧困運動と断じて広めるのは反人権的です。,1.0
135,16329,ちゃんと裏付けとりましょね,0.0
281,33926,東大京大に入った人は普通に本読んでるし、そもそもこの人のIDが頭悪すぎる。,0.0
764,342,真の右翼は国民国土国益を守る事を第一に考えるから戦争を回避することを第一とします。,1.0
82,11349,寝言は寝て言え。,0.0
192,23814,よく考えてよ。,0.0
729,307,差別と言う言葉で、国民の言論の自由を奪う左翼。,1.0
577,155,これ自己責任ですか？,1.0
223,32100,どんどん品性落ちますよ,0.0
730,308,それを言わずに話を違う方向に持っていNHK、すぐに騙される国民。,1.0
353,34196,だから？,0.0
85,11364,今後もこのような卑劣な歴史修正には断固として立ち向かう。,0.0
567,145,野田さんは事実無根だと言ってますが、元暴力団員が事実という証拠はどこにありますか？,1.0
279,33924,誰のことを言ってるのだろう？,0.0
142,17231,偏見。,0.0
701,279,何もかも給付も、差別マスクもガスマスク配布しないどう考えても#コロナもゴミクロンも弱毒#差別日本政腐,1.0
131,16303,多くの日本人が望んでいるなら実現しているはずなので、ソースも無しにウソは言わないでください。,0.0
580,158,ワクチンがなかった頃とワクチンのある今何か状況は変わりましたか？,1.0
791,369,そんなで知名度あげ,1.0
305,34005,まーた架空のオタク像を捏造してそれを叩くなぞの行動か(*´∀｀*)お前オタクへの依存症よな(笑),0.0
421,34432,いやいや、いつも主語がデカいのはあんたらクソフェミだから,0.0
182,22307,他人の表現の自由への侵略や,0.0
378,34274,やってること全てヒトラーにそっくりwwww,0.0
228,33651,2行目ですでに意味がわからない。,0.0
652,230,まあ、共産主義なんて世界中で虐殺を引き起こして来たわけだしな。,1.0
287,33955,それは価値観の押し付けだと思いませんか？,0.0
399,34334,またデマ?,0.0
467,45,南アフリカでコロナワクチン打つか悩むって言ってる人は「私には学がないから何を信じていいから判断しあぐねてる」って言ってて格差って大変だなって思ったけどアメリカは会話にすらならない。,1.0
599,177,まともな医師はいたただ利益優先強欲の医師免許持つ奴の声が大きすぎた最初の東京都のコロナ死者の発表は平均年齢70歳超えの基礎疾患ありの男性ばかりだったよな,1.0
643,221,出せとか乱暴な言葉はやめませんか？,1.0
802,380,元より公正な報道とはとても思えなかったので出演してる方々,1.0
787,365,あと、Twitterのアイコンに（自分が作ったものではない）,1.0
457,35,政治に関しては楽な選択してるかも,1.0
682,260,負の遺産多数,1.0
678,256,沸点の低い人ほど多様性文化だ,1.0
76,11336,お前らがやってるのはスターリンや毛沢東と一緒！,0.0
97,11745,詐欺をして楽しいですか？,0.0
768,346,これはだれ？,1.0
758,336,間違いなく参議院選挙は危険水域にアメリカも観ている。,1.0
18,1283,なんか、哀れだな。,0.0
171,20802,言葉の重さを知らないね。,0.0
340,34144,格差とか言い出して何が言いたいんだろ…,0.0
21,1732,ただネタとして見る分には面白いです,0.0
92,11396,歴史修正乙,0.0
658,236,昨日からTwitter始めました、とうまです！,1.0
57,4740,何言っちゃってるんすか？,0.0
299,33988,すぐ嘘を、しかもすぐにバレる嘘を付くからお前ら支持されねえのよ,0.0
408,34359,半年前に言えよ･･･アホなの？(笑),0.0
602,180,こっちが本気になると「ジョークだ」と言ってごまかそうとする,1.0
236,33705,右翼は国粋主義であって、尊皇ではあるけど、天皇主義では無い勉強して下さい,0.0
503,81, おはようございます,1.0
548,126,そこに低収入がプラスされるとどうにもならなくなります。,1.0
649,227,逆にその事のアンテナがビビって動いて聞いたり見たりで・・・。,1.0
38,2300,口論してたら突然吐く人も怖い。,0.0
331,34103,これほど頭固いとは。,0.0
532,110,金がない人はレイプするでしょうね？,1.0
158,18641,社会を掻き回すのやめてほしいわ,0.0
638,216,保○所勤務で振り回されてバカらしいもう、この職場辞めます。,1.0
616,194,何でもかんでも結局最後に一律給付にする当たり一律給付信仰でもしているのは？,1.0
496,74,ろくでなし子(@6d745)さん や 柴田英里(@erishibata)さん,1.0
650,228,今のままでいいんだ、行け！,1.0
335,34136,品位のカケラも無いお言葉ですね......軽蔑します,0.0
260,33812,こんなバ看護師が居るから、いつまで経っても看護師の地位が上がらねえんだよ(=_=),0.0
826,404,あげよ我々に向けての鼓舞ととらえてもおとなしくなった某野党への鼓舞ととらえても,1.0
632,210,学歴じゃないと言うなら、大学名なんか出す必要なくないですか？,1.0
571,149,あちら側は、極端に変態も多いですしね。,1.0
373,34263,世迷い言,0.0
534,112,正しい行動があってこそ結果も出せますね,1.0
63,6746,それをただ単に右左で語ってしまう議論が稚拙だなと思います。,0.0
820,398,ぼくもその一端を担っていた。,1.0
487,65,その格差を現段階では個々が埋めて行き助け合える世の中にしないとだよね。,1.0
640,218,日本はそんな女性の国じゃないぞ。,1.0
448,26,道理ですね,1.0
437,15,わざとやってる気もします。,1.0
61,5549,誤魔化さないよう。,0.0
210,26598,他人と比べても何にもならないやっぱジジイのクセにガキなんだなw,0.0
700,278,正解,1.0
753,331,打った人は口を揃えて言います。,1.0
313,34027,こういうデマを流す人も乗っかる人も通報ね,0.0
665,243,ツイッターは、関心があるテーマしか表示しないから、政治に無関心な層と交わることはない。,1.0
422,0,てか子供が可哀想です。,1.0
425,3,何でいちいち悪い評価の人に合わせなきゃいけないんだよ(笑),1.0
468,46,はたしてそうかな,1.0
627,205,本当に高校生当事者からの切実な声なの…？,1.0
517,95,なるほどな。,1.0
250,33768,そして皆んなの共感を得て更なる批判ルームを作っているわけですね。,0.0
409,34361,ぶっちゃけ一方の考え方しかできないあんたが弁護士名乗ってる方が胡散臭いわ,0.0
637,215,関関同立レベルで５割～６割は「推薦」で入学している。,1.0
153,18463,人は信じたい事しか信じない、の典型ですね…。,0.0
410,34362,あなたのようなレイシストにはうさんくさいのですか？,0.0
232,33680,ミソジニー丸出しツイートをする未婚男性が女性に好かれるとでも思っているのかな？,0.0
806,384,個人的にも痛感してます！,1.0
328,34099,間違った情報を垂れ流すなよ。,0.0
601,179,中国で余った太陽光パネルを売付けられる緑のタヌキ！,1.0
143,17232,そのように印象操作して一部の金目教の人間が得する社会は間違っています。,0.0
84,11353,歴史修正乙,0.0
734,312,上智の８割は知らないが、私大は底辺大学ほど100％に近い「推薦」となる。,1.0
203,25641,まぁ、貴方は次もないと思いますが。,0.0
350,34178,議論をする上で大事な事はデマや事実の基づかない物、エビデンスが十分でない物、などを省きながら質の高い、また、広い視野での議論が尽くされるとより良い方向に向かうと思います。,0.0
613,191,世間の人って御馬鹿さんなんだね、少しでも調べたらわかるよ？,1.0
398,34333,アンタ、もしかして別の世界線から来たのかい？ｗ,0.0
382,34287,応援してたのに残念逆にこういうツイートに騙されないようにしよう,0.0
278,33922,言いたいことはわかるけど、そこは自明で済ませずにデータを出すべきでは。,0.0
268,33856,日本を悪い国だと思ってる人の筆頭はあなたでしょう。,0.0
759,337,パヨクだけがマトモ！,1.0
251,33774,大きな勘違い。,0.0
354,34197,あなたは負け組です,0.0
427,5,というかこの議論に学歴うんぬん関係ありますか？,1.0
581,159,別姓が良いなら婚姻届出さずに同居でいいでしょ？,1.0
